week,eikon
2024-09-30,12107
2024-10-07,81022
2024-10-14,86610
2024-10-21,85679
2024-10-28,74503
2024-11-04,83816
2024-11-11,87541
2024-11-18,87541
2024-11-25,85679
2024-12-02,79160
2024-12-09,69847
2024-12-16,71709
2024-12-23,76366
2024-12-30,51221
2025-01-06,44702
2025-01-13,31664
2025-01-20,48427
2025-01-27,43771
2025-02-03,29801
2025-02-10,25145
2025-02-17,17694
2025-02-24,16763
2025-03-03,13038
2025-03-10,13038
2025-03-17,12107
2025-03-24,13038
2025-03-31,1397
2025-04-07,13969
2025-04-14,21420
2025-04-21,23282
2025-04-28,28870
2025-05-05,21420
2025-05-12,20488
2025-05-19,18626
2025-05-26,20488
2025-06-02,16763
2025-06-09,15832
2025-06-16,17694
2025-06-23,16763
2025-06-30,15000
2025-07-07,12000
2025-07-14,13000
2025-07-21,13000
2025-07-28,12000
2025-08-04,11000
2025-08-11,10000
2025-08-18,9000
2025-09-01,7000
2025-09-08,7000
2025-09-15,5000
2025-09-29,1079
2025-10-06,52664
2025-10-13,90650
2025-10-20,88492
2025-10-27,97125
2025-11-03,115471
2025-11-10,113313
2025-11-17,110075
2025-11-24,107917
2025-12-01,91730
2025-12-08,98205
2025-12-15,79859
2025-12-22,64750
2025-12-29,46404
2026-01-05,58275
2026-01-12,39929
2026-01-19,41008
2026-01-26,35613
2026-02-02,32375
2026-02-09,28058
2026-02-16,19425
2026-02-23,30217
2026-03-02,16188
2026-03-09,21583
2026-03-16,21583
2026-03-23,33454
2026-03-30,23742
2026-04-06,18346
2026-04-13,21583
2026-04-20,30217
2026-04-27,25900
2026-05-04,38850
2026-05-11,35613
2026-05-18,36692
2026-05-25,23742
2026-06-01,29138
2026-06-08,34533
2026-06-15,29000
2026-06-22,27000
2026-06-29,24000
2026-07-06,22000
2026-07-13,13000
2026-07-20,12000
2026-07-27,7000
2026-08-03,4000
2026-08-10,4000
2026-08-17,3000
2026-08-24,2500
2026-09-07,4500
2026-09-14,16000
