port,week,Mon,Tue,Wed,Thu,Fri,Sat
Abidjan,2023-09-11,750.0,385,390.0,80.0,375.0,
Abidjan,2023-09-18,440.0,160,15.0,125.0,200.0,
Abidjan,2023-09-25,360.0,160,0.0,280.0,70.0,
Abidjan,2023-10-02,240.0,2010,5269.0,4936.0,5446.0,2707.0
Abidjan,2023-10-09,7454.0,5165,5001.0,3610.0,4251.0,2568.0
Abidjan,2023-10-16,8030.0,4712,3312.0,4612.0,3787.0,2668.0
Abidjan,2023-10-23,8387.0,4432,3909.0,3926.0,4477.0,2629.0
Abidjan,2023-10-30,10075.0,6070,2465.0,7027.0,4162.0,2541.0
Abidjan,2023-11-06,9093.0,4827,,,,
Abidjan,2023-11-13,9948.0,6545,2615.0,6753.0,5332.0,4170.0
Abidjan,2023-11-20,9721.0,5137,5135.0,5013.0,4970.0,3142.0
Abidjan,2023-11-27,11353.0,6542,4939.0,5574.0,,
Abidjan,2023-12-04,11226.0,6985,6023.0,5360.0,6636.0,2990.0
Abidjan,2023-12-11,11549.0,6959,6023.0,5360.0,6636.0,2990.0
Abidjan,2023-12-18,11283.0,7622,5824.0,6309.0,7844.0,6430.0
Abidjan,2023-12-25,0.0,15402,9329.0,8570.0,8486.0,6139.0
Abidjan,2024-01-01,,9321,7395.0,5635.0,4640.0,1430.0
Abidjan,2024-01-08,7630.0,3483,3180.0,3470.0,2740.0,706.0
Abidjan,2024-01-15,5560.0,3552,3708.0,3431.0,4296.0,2240.0
Abidjan,2024-01-23,7779.0,5191,4480.0,5487.0,4020.0,1410.0
Abidjan,2024-01-29,9235.0,2280,5440.0,4489.0,4499.0,983.0
Abidjan,2024-02-05,6398.0,4206,2647.0,690.0,4637.0,1122.0
Abidjan,2024-02-12,0.0,6387,4901.0,3382.0,2659.0,1280.0
Abidjan,2024-02-19,5179.0,3649,3309.0,2900.0,2774.0,650.0
Abidjan,2024-02-26,5757.0,3180,2618.0,2471.0,,
Abidjan,2024-03-04,4180.0,3010,2852.0,2350.0,2121.0,810.0
Abidjan,2024-03-25,1690.0,1080,520.0,1148.0,700.0,160.0
Abidjan,2024-04-01,0.0,120,320.0,610.0,870.0,0.0
Abidjan,2024-04-08,2110.0,830,0.0,1920.0,1570.0,580.0
Abidjan,2024-04-15,3170.0,1760,1660.0,1030.0,,
Abidjan,2024-04-22,1900.0,800,1680.0,1345.0,1335.0,50.0
Abidjan,2024-04-29,3050.0,1960,510.0,1750.0,,
Abidjan,2024-05-06,4480.0,1900,1850.0,1000.0,,
Abidjan,2024-05-13,3140.0,2360,2660.0,2170.0,2485.0,560.0
Abidjan,2024-05-20,950.0,4170,2700.0,2820.0,2700.0,1090.0
Abidjan,2024-05-27,3930.0,2690,2240.0,2460.0,2060.0,3150.0
Abidjan,2024-06-03,4890.0,3350,2740.0,1950.0,1240.0,920.0
Abidjan,2024-06-10,2710.0,2370,1710.0,1780.0,2090.0,1410.0
Abidjan,2024-06-17,40.0,1250,1470.0,1220.0,2380.0,1070.0
Abidjan,2024-06-24,2430.0,1915,1540.0,1260.0,920.0,180.0
Abidjan,2024-07-01,2320.0,1020,,,,
Abidjan,2024-07-08,2520.0,1500,1290.0,1220.0,760.0,60.0
Abidjan,2024-07-15,1850.0,930,570.0,470.0,410.0,
Abidjan,2024-07-22,570.0,1020,1130.0,860.0,770.0,40.0
Abidjan,2024-07-29,1810.0,690,760.0,1020.0,460.0,0.0
Abidjan,2024-08-05,870.0,620,0.0,780.0,750.0,70.0
Abidjan,2024-08-19,1110.0,1120,,,,
Abidjan,2024-08-26,1340.0,730,920.0,500.0,730.0,0.0
Abidjan,2024-09-02,1100.0,1080,1180.0,860.0,,
Abidjan,2024-09-09,2290.0,1390,1570.0,1800.0,2270.0,1060.0
Abidjan,2024-09-16,2330.0,1260,2050.0,2140.0,1620.0,1340.0
Abidjan,2024-09-23,2395.0,2130,940.0,780.0,1040.0,1000.0
Abidjan,2024-09-30,680.0,0,250.0,1330.0,3570.0,4320.0
Abidjan,2024-10-07,9989.0,7601,6565.0,8091.0,8055.0,8803.0
Abidjan,2024-10-14,9364.0,6975,6430.0,6894.0,6579.0,6744.0
Abidjan,2024-10-21,10629.0,8895,7399.0,5660.0,6809.0,7160.0
Abidjan,2024-10-28,10024.0,7052,7124.0,6566.0,2600.0,8011.0
Abidjan,2024-11-04,12304.0,7475,7214.0,7279.0,7334.0,7414.0
Abidjan,2024-11-11,12993.0,7928,6396.0,7018.0,4632.0,6313.0
Abidjan,2024-11-19,9150.0,8696,7298.0,7127.0,7850.0,7844.0
Abidjan,2024-11-25,13240.0,8688,6937.0,7055.0,7664.0,7149.0
Abidjan,2024-12-02,10505.0,7514,7118.0,6498.0,7578.0,5049.0
Abidjan,2024-12-09,10487.0,6415,7598.0,6227.0,5710.0,5370.0
Abidjan,2024-12-16,9040.0,6891,7270.0,6830.0,7011.0,6090.0
Abidjan,2024-12-23,10583.0,7595,220.0,8518.0,7598.0,8311.0
Abidjan,2024-12-30,9585.0,5962,0.0,4100.0,5025.0,4381.0
Abidjan,2025-01-06,5942.0,4720,4110.0,4885.0,4530.0,2580.0
Abidjan,2025-01-13,5200.0,3800,2820.0,3045.0,2660.0,1440.0
Abidjan,2025-01-20,6132.0,5290,4950.0,4975.0,4465.0,1752.0
Abidjan,2025-01-27,6760.0,5250,4346.0,3930.0,2780.0,1100.0
Abidjan,2025-02-03,4250.0,3460,3375.0,2650.0,1720.0,800.0
Abidjan,2025-02-10,4475.0,3175,2450.0,1965.0,2055.0,960.0
Abidjan,2025-02-17,2860.0,1280,1755.0,1615.0,1160.0,80.0
Abidjan,2025-02-24,2785.0,1595,2155.0,1560.0,1520.0,360.0
Abidjan,2025-03-03,1880.0,1020,1080.0,1320.0,935.0,0.0
Abidjan,2025-03-10,1915.0,1340,1530.0,1273.0,1350.0,120.0
Abidjan,2025-03-17,1485.0,1080,930.0,945.0,1075.0,120.0
Abidjan,2025-03-24,1595.0,1200,1390.0,80.0,1360.0,0.0
Abidjan,2025-03-31,0.0,0,0.0,320.0,670.0,40.0
Abidjan,2025-04-07,1520.0,1140,1110.0,1140.0,1500.0,0.0
Abidjan,2025-04-14,2905.0,920,1800.0,2230.0,1750.0,420.0
Abidjan,2025-04-21,560.0,3300,2440.0,1960.0,1780.0,1220.0
Abidjan,2025-04-28,3270.0,2060,2450.0,1320.0,2210.0,1380.0
Abidjan,2025-05-05,2480.0,1720,1740.0,1800.0,1510.0,940.0
Abidjan,2025-05-12,2440.0,1840,1980.0,1400.0,1820.0,880.0
Abidjan,2025-05-19,2140.0,2150,2090.0,1820.0,,
Abidjan,2025-05-24,2140.0,2150,2090.0,1820.0,2100.0,600.0
Abidjan,2025-05-26,2730.0,2070,1680.0,440.0,2270.0,1000.0
Abidjan,2025-06-02,3040.0,2260,1760.0,1180.0,0.0,0.0
Abidjan,2025-06-09,200.0,1530,1440.0,1340.0,1260.0,540.0
Abidjan,2025-06-16,1600.0,1170,1600.0,1040.0,1140.0,0.0
Abidjan,2025-06-23,1680.0,1000,1000.0,1220.0,960.0,80.0
Abidjan,2025-06-30,1280.0,930,780.0,740.0,,
Abidjan,2025-07-07,1200.0,500,680.0,200.0,,
Abidjan,2025-07-14,1100.0,860,680.0,480.0,920.0,0.0
Abidjan,2025-07-21,1060.0,620,820.0,720.0,950.0,190.0
Abidjan,2025-07-28,1460.0,460,600.0,660.0,520.0,0.0
Abidjan,2025-08-04,800.0,700,600.0,0.0,330.0,0.0
Abidjan,2025-08-11,860.0,480,300.0,320.0,0.0,120.0
Abidjan,2025-08-18,680.0,400,350.0,410.0,340.0,80.0
Abidjan,2025-08-25,840.0,200,380.0,380.0,,
Abidjan,2025-09-01,700.0,400,280.0,0.0,360.0,0.0
Abidjan,2025-09-08,420.0,80,550.0,390.0,,
Abidjan,2025-09-15,360.0,160,280.0,180.0,,
Abidjan,2025-09-22,40.0,0,0.0,0.0,0.0,0.0
Abidjan,2025-09-29,0.0,0,0.0,0.0,,
Abidjan,2025-10-06,3377.0,4501,5267.0,5362.0,5858.0,5343.0
Abidjan,2025-10-13,8753.0,6915,7392.0,6564.0,8469.0,7249.0
Abidjan,2025-10-20,10705.0,10173,9340.0,9560.0,8246.0,620.0
Abidjan,2025-10-27,7420.0,8178,7864.0,9674.0,9751.0,8485.0
Abidjan,2025-11-03,10176.0,10240,9258.0,10021.0,10032.0,9160.0
Abidjan,2025-11-17,11196.0,9466,9975.0,7203.0,8868.0,7912.0
Abidjan,2025-11-24,10612.0,8935,7759.0,9330.0,9052.0,8882.0
Abidjan,2025-12-01,8194.0,8370,8068.0,7401.0,7888.0,7165.0
Abidjan,2025-12-08,9486.0,9054,8731.0,8317.0,9128.0,6745.0
Abidjan,2025-12-15,9006.0,7899,7862.0,7139.0,7308.0,4330.0
Abidjan,2025-12-22,9620.0,8354,6132.0,520.0,5485.0,5470.0
Abidjan,2025-12-29,8652.0,7272,4447.0,0.0,1776.0,4130.0
Abidjan,2026-01-05,7359.0,5475,5412.0,5167.0,5081.0,290.0
Abidjan,2026-01-12,4817.0,4517,3808.0,3775.0,4036.0,80.0
Abidjan,2026-01-19,5023.0,3935,3582.0,4380.0,4711.0,680.0
Abidjan,2026-01-26,4719.0,3330,2640.0,2731.0,3524.0,3320.0
Abidjan,2026-02-02,4875.0,3540,3536.0,3491.0,3408.0,1440.0
Abidjan,2026-02-09,4072.0,3240,3600.0,2170.0,3205.0,1640.0
Abidjan,2026-02-16,2360.0,1740,1270.0,1470.0,2430.0,3120.0
Abidjan,2026-02-23,3160.0,2380,2980.0,3160.0,2880.0,5200.0
Abidjan,2026-03-02,2000.0,2120,1680.0,1880.0,1840.0,1560.0
Abidjan,2026-03-09,840.0,1420,2020.0,2580.0,2510.0,1610.0
Abidjan,2026-03-16,1120.0,4492,3280.0,1680.0,0.0,280.0
Abidjan,2026-03-23,4900.0,3100,3160.0,2760.0,2338.0,580.0
Abidjan,2026-03-30,2992.0,2340,2018.0,1760.0,1819.0,240.0
Abidjan,2026-04-05,120.0,3393,1539.0,1760.0,2117.0,159.0
Abidjan,2026-04-13,4078.0,1940,1896.0,2020.0,2516.0,679.0
Abidjan,2026-04-20,4180.0,3140,3520.0,3121.0,3574.0,1320.0
Abidjan,2026-04-27,4655.0,3378,3704.0,2767.0,0.0,1280.0
Abidjan,2026-05-04,4594.0,3724,3804.0,3700.0,4046.0,3380.0
Abidjan,2026-05-11,5350.0,3900,2940.0,2260.0,4850.0,1700.0
Abidjan,2026-05-18,4036.0,3861,3543.0,3541.0,4152.0,3399.0
Abidjan,2026-05-25,1240.0,2560,0.0,2200.0,3140.0,2060.0
Abidjan,2026-06-01,4206.0,3640,3256.0,2700.0,3678.0,2280.0
Abidjan,2026-06-08,3924.0,3296,3264.0,3612.0,4237.0,1340.0
Abidjan,2026-06-15,4140.0,3850,3779.0,2920.0,2939.0,780.0
Abidjan,2026-06-22,2900.0,3240,3120.0,2803.0,2320.0,880.0
Abidjan,2026-06-28,2680.0,2900,2600.0,2180.0,2248.0,1460.0
Abidjan,2026-07-06,2579.0,2260,2302.0,2240.0,1940.0,440.0
Abidjan,2026-07-13,2101.0,1500,680.0,540.0,555.0,0.0
Abidjan,2026-07-20,1320.0,520,878.0,600.0,439.0,0.0
Abidjan,2026-07-27,640.0,335,450.0,471.0,520.0,120.0
Abidjan,2026-08-03,600.0,240,81.0,239.0,0.0,0.0
Abidjan,2026-08-10,276.0,116,88.0,40.0,236.0,160.0
Abidjan,2026-08-17,440.0,240,40.0,240.0,280.0,0.0
Abidjan,2026-08-24,155.0,0,106.0,80.0,208.0,0.0
Abidjan,2026-09-07,120.0,400,360.0,240.0,460.0,228.0
Abidjan,2026-09-14,1760.0,1020,990.0,986.0,1240.0,128.0
Abidjan,2026-09-21,1356.0,1180,1015.0,560.0,,
San Pedro,2023-09-11,1305.0,635,830.0,500.0,565.0,
San Pedro,2023-09-18,380.0,390,150.0,40.0,55.0,0.0
San Pedro,2023-09-25,40.0,115,0.0,130.0,15.0,0.0
San Pedro,2023-10-02,0.0,2140,5285.0,6135.0,7125.0,7385.0
San Pedro,2023-10-09,7044.0,7969,5660.0,5230.0,4615.0,4045.0
San Pedro,2023-10-16,6863.0,4693,3663.0,4872.0,5127.0,3750.0
San Pedro,2023-10-23,7200.0,5345,5028.0,5398.0,4178.0,3018.0
San Pedro,2023-10-30,7100.0,5153,3105.0,5592.0,4677.0,3480.0
San Pedro,2023-11-06,7641.0,6994,,,,
San Pedro,2023-11-13,7040.0,5515,3205.0,6231.0,4663.0,3430.0
San Pedro,2023-11-20,6663.0,4818,4374.0,4318.0,4440.0,2715.0
San Pedro,2023-11-27,6420.0,5269,4762.0,4581.0,,
San Pedro,2023-12-04,5740.0,4510,4718.0,4443.0,4095.0,2863.0
San Pedro,2023-12-11,6052.0,4870,4718.0,4443.0,4095.0,2863.0
San Pedro,2023-12-18,6645.0,7125,4743.0,3496.0,4294.0,3837.0
San Pedro,2023-12-25,0.0,7417,7631.0,5789.0,5634.0,3860.0
San Pedro,2024-01-01,,5753,3605.0,3740.0,3792.0,1966.0
San Pedro,2024-01-08,4927.0,4354,2340.0,2080.0,2440.0,2040.0
San Pedro,2024-01-15,3003.0,2930,2494.0,2794.0,3100.0,2085.0
San Pedro,2024-01-23,5576.0,4380,4030.0,3070.0,3520.0,2604.0
San Pedro,2024-01-29,5040.0,3320,2450.0,2519.0,2920.0,1324.0
San Pedro,2024-02-05,4710.0,3700,3860.0,2350.0,3190.0,2840.0
San Pedro,2024-02-12,0.0,5983,4140.0,2340.0,2170.0,1410.0
San Pedro,2024-02-19,3780.0,3780,3510.0,1970.0,2375.0,1101.0
San Pedro,2024-02-26,4130.0,4290,2560.0,2607.0,,
San Pedro,2024-03-04,2640.0,2960,2190.0,2320.0,1706.0,1000.0
San Pedro,2024-03-25,2680.0,2160,1520.0,1680.0,2170.0,950.0
San Pedro,2024-04-01,0.0,0,880.0,320.0,1440.0,240.0
San Pedro,2024-04-08,2490.0,1170,0.0,1450.0,900.0,160.0
San Pedro,2024-04-15,1780.0,2540,1460.0,1630.0,,
San Pedro,2024-04-22,1635.0,1850,1860.0,2440.0,1720.0,840.0
San Pedro,2024-04-29,2680.0,2550,870.0,1860.0,,
San Pedro,2024-05-06,4280.0,2600,2560.0,1800.0,,
San Pedro,2024-05-13,3250.0,3050,3550.0,3290.0,3180.0,1060.0
San Pedro,2024-05-20,1380.0,4170,3520.0,2640.0,3570.0,1940.0
San Pedro,2024-05-27,3370.0,4475,2390.0,3380.0,3980.0,5990.0
San Pedro,2024-06-03,3530.0,4145,2220.0,2560.0,2110.0,480.0
San Pedro,2024-06-10,2440.0,1585,2460.0,2050.0,1820.0,2910.0
San Pedro,2024-06-17,120.0,1260,3060.0,1430.0,1750.0,1100.0
San Pedro,2024-06-24,1970.0,1530,2690.0,1580.0,1750.0,1610.0
San Pedro,2024-07-01,2150.0,1850,,,,
San Pedro,2024-07-08,2850.0,2390,1770.0,1710.0,1770.0,1000.0
San Pedro,2024-07-15,2280.0,1350,2210.0,1440.0,1560.0,890.0
San Pedro,2024-07-22,420.0,630,1880.0,2580.0,1370.0,650.0
San Pedro,2024-07-29,1980.0,1440,3405.0,1560.0,1370.0,730.0
San Pedro,2024-08-05,2080.0,1750,300.0,1830.0,1585.0,1330.0
San Pedro,2024-08-19,770.0,820,,,,
San Pedro,2024-08-26,1245.0,940,780.0,760.0,980.0,400.0
San Pedro,2024-09-02,1420.0,1130,1700.0,1220.0,,
San Pedro,2024-09-09,2110.0,2300,2210.0,1220.0,1590.0,1740.0
San Pedro,2024-09-16,2450.0,2040,2580.0,1200.0,2120.0,1160.0
San Pedro,2024-09-23,1780.0,1745,1240.0,1150.0,1560.0,1400.0
San Pedro,2024-09-30,800.0,0,0.0,950.0,1310.0,3030.0
San Pedro,2024-10-07,6704.0,6340,7140.0,6480.0,8270.0,8780.0
San Pedro,2024-10-14,6225.0,8916,7117.0,7072.0,6950.0,3545.0
San Pedro,2024-10-21,9164.0,7189,5480.0,6520.0,6565.0,6194.0
San Pedro,2024-10-28,6760.0,6880,7140.0,6200.0,4625.0,6638.0
San Pedro,2024-11-04,9142.0,6410,5148.0,5069.0,5608.0,7089.0
San Pedro,2024-11-11,7823.0,7880,5830.0,7710.0,4750.0,6983.0
San Pedro,2024-11-19,8642.0,7995,6213.0,5380.0,5629.0,8775.0
San Pedro,2024-11-25,7367.0,7409,7099.0,6360.0,4760.0,6200.0
San Pedro,2024-12-02,6549.0,6995,5738.0,5760.0,4887.0,6190.0
San Pedro,2024-12-09,6683.0,5005,4540.0,4975.0,4050.0,4085.0
San Pedro,2024-12-16,5965.0,6035,4930.0,5655.0,4745.0,4475.0
San Pedro,2024-12-23,8096.0,6710,0.0,8995.0,5240.0,7605.0
San Pedro,2024-12-30,8455.0,6690,0.0,2940.0,4335.0,3200.0
San Pedro,2025-01-06,5969.0,3730,3175.0,3310.0,2910.0,2500.0
San Pedro,2025-01-13,3925.0,2970,2725.0,1955.0,1860.0,2040.0
San Pedro,2025-01-20,4390.0,4870,3415.0,3270.0,2705.0,3565.0
San Pedro,2025-01-27,5230.0,3965,2625.0,4180.0,3865.0,2520.0
San Pedro,2025-02-03,4320.0,3215,1995.0,2800.0,1415.0,2180.0
San Pedro,2025-02-10,2205.0,2400,2055.0,1740.0,2150.0,960.0
San Pedro,2025-02-17,2125.0,2025,1380.0,1420.0,1755.0,880.0
San Pedro,2025-02-24,1620.0,1355,1515.0,1365.0,1530.0,930.0
San Pedro,2025-03-03,1925.0,805,1475.0,1075.0,1420.0,980.0
San Pedro,2025-03-10,1840.0,1180,675.0,1400.0,790.0,530.0
San Pedro,2025-03-17,1550.0,1385,1260.0,945.0,1320.0,620.0
San Pedro,2025-03-24,1860.0,1420,1480.0,435.0,1705.0,990.0
San Pedro,2025-03-31,380.0,0,0.0,160.0,200.0,80.0
San Pedro,2025-04-07,1860.0,1180,1100.0,1810.0,1210.0,1330.0
San Pedro,2025-04-14,2600.0,1980,1960.0,1820.0,2060.0,1740.0
San Pedro,2025-04-21,1440.0,2280,2100.0,2400.0,3220.0,2430.0
San Pedro,2025-04-28,3800.0,3040,2600.0,940.0,3275.0,3480.0
San Pedro,2025-05-05,1980.0,2620,2200.0,2300.0,1680.0,2520.0
San Pedro,2025-05-12,2780.0,2320,1730.0,2270.0,1720.0,1110.0
San Pedro,2025-05-19,2280.0,1285,1360.0,1820.0,,
San Pedro,2025-05-24,2280.0,1285,1360.0,1820.0,1230.0,770.0
San Pedro,2025-05-26,2000.0,2380,1860.0,1820.0,1740.0,1980.0
San Pedro,2025-06-02,2300.0,2540,1950.0,2120.0,0.0,1180.0
San Pedro,2025-06-09,1280.0,1820,2550.0,1930.0,2160.0,940.0
San Pedro,2025-06-16,3190.0,1930,2780.0,1300.0,1920.0,675.0
San Pedro,2025-06-23,3420.0,2540,1650.0,1480.0,2135.0,810.0
San Pedro,2025-06-30,3280.0,750,1850.0,1900.0,,
San Pedro,2025-07-07,2320.0,1380,2105.0,1430.0,,
San Pedro,2025-07-14,2390.0,1610,2110.0,910.0,1520.0,460.0
San Pedro,2025-07-21,2390.0,1170,1760.0,1760.0,1440.0,860.0
San Pedro,2025-07-28,2015.0,1040,1635.0,1960.0,1105.0,480.0
San Pedro,2025-08-04,1800.0,1505,2070.0,0.0,1710.0,1030.0
San Pedro,2025-08-11,2335.0,515,940.0,1815.0,1050.0,1710.0
San Pedro,2025-08-18,1515.0,1370,1140.0,1080.0,1040.0,1460.0
San Pedro,2025-08-25,1660.0,1425,680.0,975.0,,
San Pedro,2025-09-01,1200.0,1040,960.0,60.0,1170.0,850.0
San Pedro,2025-09-08,1460.0,630,920.0,1240.0,,
San Pedro,2025-09-15,940.0,1140,340.0,540.0,,
San Pedro,2025-09-22,380.0,120,0.0,120.0,160.0,0.0
San Pedro,2025-09-29,580.0,160,0.0,0.0,,
San Pedro,2025-10-06,1410.0,1950,2240.0,4740.0,3450.0,5945.0
San Pedro,2025-10-13,5330.0,6986,6560.0,9710.0,5649.0,11035.0
San Pedro,2025-10-20,9382.0,6198,7786.0,10070.0,7450.0,1590.0
San Pedro,2025-10-27,8130.0,7820,7330.0,9272.0,6373.0,7580.0
San Pedro,2025-11-03,9372.0,9960,9450.0,10220.0,8325.0,11160.0
San Pedro,2025-11-17,10897.0,9130,11343.0,7881.0,7723.0,9210.0
San Pedro,2025-11-24,11220.0,9760,7590.0,7920.0,8040.0,9670.0
San Pedro,2025-12-01,7400.0,6515,9240.0,8295.0,8000.0,7920.0
San Pedro,2025-12-08,10000.0,7960,8465.0,8660.0,7750.0,9155.0
San Pedro,2025-12-15,7250.0,5400,6470.0,7530.0,7800.0,6200.0
San Pedro,2025-12-22,7760.0,6580,6400.0,0.0,4830.0,6410.0
San Pedro,2025-12-29,5860.0,5685,5220.0,0.0,1140.0,6440.0
San Pedro,2026-01-05,5180.0,5830,5500.0,5620.0,5030.0,4580.0
San Pedro,2026-01-12,4320.0,3680,3900.0,3320.0,2960.0,2400.0
San Pedro,2026-01-19,4180.0,4080,4340.0,4080.0,2790.0,700.0
San Pedro,2026-01-26,3150.0,2540,2720.0,3280.0,3430.0,2380.0
San Pedro,2026-02-02,3580.0,2780,1845.0,2550.0,1820.0,1120.0
San Pedro,2026-02-09,3050.0,1980,1595.0,1635.0,1380.0,1620.0
San Pedro,2026-02-16,1720.0,1380,1520.0,1140.0,1360.0,1400.0
San Pedro,2026-02-23,2910.0,1320,560.0,540.0,2060.0,4730.0
San Pedro,2026-03-02,1400.0,800,840.0,1560.0,760.0,240.0
San Pedro,2026-03-09,1120.0,1340,1600.0,1860.0,2800.0,2380.0
San Pedro,2026-03-16,280.0,4140,1740.0,4100.0,0.0,1960.0
San Pedro,2026-03-23,3980.0,3910,2935.0,3380.0,2980.0,2130.0
San Pedro,2026-03-30,3700.0,3040,2640.0,2115.0,1980.0,800.0
San Pedro,2026-04-05,820.0,3060,1960.0,1640.0,1120.0,1280.0
San Pedro,2026-04-13,2280.0,2080,1600.0,1740.0,1500.0,740.0
San Pedro,2026-04-20,3240.0,3000,2040.0,2160.0,1580.0,1100.0
San Pedro,2026-04-27,2335.0,2360,2080.0,3046.0,0.0,982.0
San Pedro,2026-05-04,3842.0,2348,2679.0,2744.0,3297.0,1980.0
San Pedro,2026-05-11,3136.0,3130,2300.0,2240.0,2590.0,2830.0
San Pedro,2026-05-18,3760.0,2270,2375.0,2555.0,2100.0,2040.0
San Pedro,2026-05-25,2720.0,3000,0.0,1800.0,2660.0,2540.0
San Pedro,2026-06-01,3541.0,3442,2913.0,3220.0,2188.0,1980.0
San Pedro,2026-06-08,3080.0,2200,2778.0,3472.0,2290.0,2470.0
San Pedro,2026-06-15,3640.0,3240,3240.0,2500.0,1260.0,1200.0
San Pedro,2026-06-22,3760.0,2020,2880.0,2460.0,2340.0,1560.0
San Pedro,2026-06-28,2960.0,2480,2160.0,2400.0,2480.0,540.0
San Pedro,2026-07-06,2260.0,2320,2455.0,2960.0,2240.0,1280.0
San Pedro,2026-07-13,2680.0,2040,1720.0,1150.0,1500.0,840.0
San Pedro,2026-07-20,2550.0,1935,1760.0,1380.0,1520.0,780.0
San Pedro,2026-07-27,1450.0,920,1400.0,1000.0,495.0,480.0
San Pedro,2026-08-03,1100.0,615,760.0,600.0,0.0,120.0
San Pedro,2026-08-10,1040.0,780,395.0,655.0,200.0,160.0
San Pedro,2026-08-17,415.0,680,520.0,360.0,415.0,240.0
San Pedro,2026-08-24,440.0,0,980.0,260.0,560.0,120.0
San Pedro,2026-09-07,175.0,420,240.0,550.0,680.0,900.0
San Pedro,2026-09-14,2215.0,1745,1380.0,2280.0,1380.0,1120.0
San Pedro,2026-09-21,3340.0,1250,1575.0,1390.0,,
