origin,month,type,crop_year,kt
IVC,Oct,Stat,21/22,330.0
IVC,Nov,Stat,21/22,353.0
IVC,Dec,Stat,21/22,337.0
IVC,Jan,Stat,21/22,364.0
IVC,Feb,Stat,21/22,190.0
IVC,Mar,Stat,21/22,131.0
IVC,Apr,Stat,21/22,133.0
IVC,May,Stat,21/22,131.0
IVC,Jun,Stat,21/22,88.0
IVC,Jul,Stat,21/22,67.0
IVC,Aug,Stat,21/22,45.0
IVC,Sep,Stat,21/22,37.0
IVC,Oct,Tree,21/22,270.0
IVC,Nov,Tree,21/22,363.0
IVC,Dec,Tree,21/22,357.0
IVC,Jan,Tree,21/22,364.0
IVC,Feb,Tree,21/22,190.0
IVC,Mar,Tree,21/22,141.0
IVC,Apr,Tree,21/22,123.0
IVC,May,Tree,21/22,131.0
IVC,Jun,Tree,21/22,95.0
IVC,Jul,Tree,21/22,75.0
IVC,Aug,Tree,21/22,45.0
IVC,Sep,Tree,21/22,122.0
IVC,Oct,Stat,22/23,315.0
IVC,Nov,Stat,22/23,373.0
IVC,Dec,Stat,22/23,373.0
IVC,Jan,Stat,22/23,343.0
IVC,Feb,Stat,22/23,195.0
IVC,Mar,Stat,22/23,110.0
IVC,Apr,Stat,22/23,141.0
IVC,May,Stat,22/23,128.0
IVC,Jun,Stat,22/23,96.0
IVC,Jul,Stat,22/23,72.0
IVC,Aug,Stat,22/23,45.0
IVC,Sep,Stat,22/23,42.0
IVC,Oct,Tree,22/23,250.0
IVC,Nov,Tree,22/23,413.0
IVC,Dec,Tree,22/23,393.0
IVC,Jan,Tree,22/23,293.0
IVC,Feb,Tree,22/23,195.0
IVC,Mar,Tree,22/23,110.0
IVC,Apr,Tree,22/23,141.0
IVC,May,Tree,22/23,128.0
IVC,Jun,Tree,22/23,96.0
IVC,Jul,Tree,22/23,72.0
IVC,Aug,Tree,22/23,50.0
IVC,Sep,Tree,22/23,117.0
IVC,Oct,Stat,23/24,234.0
IVC,Nov,Stat,23/24,278.0
IVC,Dec,Stat,23/24,291.0
IVC,Jan,Stat,23/24,195.0
IVC,Feb,Stat,23/24,137.0
IVC,Mar,Stat,23/24,117.0
IVC,Apr,Stat,23/24,65.0
IVC,May,Stat,23/24,127.0
IVC,Jun,Stat,23/24,83.0
IVC,Jul,Stat,23/24,57.0
IVC,Aug,Stat,23/24,33.0
IVC,Sep,Stat,23/24,61.0
IVC,Oct,Tree,23/24,185.0
IVC,Nov,Tree,23/24,267.0
IVC,Dec,Tree,23/24,296.0
IVC,Jan,Tree,23/24,204.0
IVC,Feb,Tree,23/24,149.0
IVC,Mar,Tree,23/24,120.0
IVC,Apr,Tree,23/24,68.0
IVC,May,Tree,23/24,125.0
IVC,Jun,Tree,23/24,82.0
IVC,Jul,Tree,23/24,60.0
IVC,Aug,Tree,23/24,33.0
IVC,Sep,Tree,23/24,80.0
IVC,Oct,Stat,24/25,340.0
IVC,Nov,Stat,24/25,353.0
IVC,Dec,Stat,24/25,305.0
IVC,Jan,Stat,24/25,215.0
IVC,Feb,Stat,24/25,88.0
IVC,Mar,Stat,24/25,54.0
IVC,Apr,Stat,24/25,61.0
IVC,May,Stat,24/25,85.0
IVC,Jun,Stat,24/25,68.0
IVC,Jul,Stat,24/25,60.0
IVC,Aug,Stat,24/25,42.0
IVC,Sep,Stat,24/25,21.0
IVC,Oct,Tree,24/25,326.0
IVC,Nov,Tree,24/25,371.0
IVC,Dec,Tree,24/25,320.0
IVC,Jan,Tree,24/25,234.0
IVC,Feb,Tree,24/25,108.0
IVC,Mar,Tree,24/25,64.0
IVC,Apr,Tree,24/25,77.0
IVC,May,Tree,24/25,109.0
IVC,Jun,Tree,24/25,79.0
IVC,Jul,Tree,24/25,59.0
IVC,Aug,Tree,24/25,54.0
IVC,Sep,Tree,24/25,86.0
IVC,Oct,Stat,25/26,306.0
IVC,Nov,Stat,25/26,458.0
IVC,Dec,Stat,25/26,366.0
IVC,Jan,Stat,25/26,182.0
IVC,Feb,Stat,25/26,110.0
IVC,Mar,Stat,25/26,109.0
IVC,Apr,Stat,25/26,104.0
IVC,May,Stat,25/26,151.0
IVC,Jun,Stat,25/26,140.0
IVC,Jul,Stat,25/26,75.0
IVC,Aug,Stat,25/26,20.0
IVC,Sep,Stat,25/26,57.0
IVC,Oct,Tree,25/26,246.0
IVC,Nov,Tree,25/26,457.0
IVC,Dec,Tree,25/26,374.0
IVC,Jan,Tree,25/26,215.0
IVC,Feb,Tree,25/26,97.0
IVC,Mar,Tree,25/26,110.0
IVC,Apr,Tree,25/26,103.0
IVC,May,Tree,25/26,133.0
IVC,Jun,Tree,25/26,147.0
IVC,Jul,Tree,25/26,85.0
IVC,Aug,Tree,25/26,25.0
IVC,Sep,Tree,25/26,67.0
IVC,Oct,Stat,26/27,157.0
IVC,Nov,Stat,26/27,258.0
IVC,Dec,Stat,26/27,315.0
IVC,Jan,Stat,26/27,323.0
IVC,Feb,Stat,26/27,120.0
IVC,Mar,Stat,26/27,89.0
IVC,Apr,Stat,26/27,101.0
IVC,May,Stat,26/27,105.0
IVC,Jun,Stat,26/27,75.0
IVC,Jul,Stat,26/27,52.0
IVC,Aug,Stat,26/27,40.0
IVC,Sep,Stat,26/27,39.0
IVC,Oct,Tree,26/27,167.0
IVC,Nov,Tree,26/27,268.0
IVC,Dec,Tree,26/27,325.0
IVC,Jan,Tree,26/27,333.0
IVC,Feb,Tree,26/27,130.0
Ghana,Oct,Stat,21/22,64.0
Ghana,Nov,Stat,21/22,103.0
Ghana,Dec,Stat,21/22,119.0
Ghana,Jan,Stat,21/22,139.0
Ghana,Feb,Stat,21/22,55.0
Ghana,Mar,Stat,21/22,56.0
Ghana,Apr,Stat,21/22,44.0
Ghana,May,Stat,21/22,70.0
Ghana,Jun,Stat,21/22,11.0
Ghana,Jul,Stat,21/22,12.0
Ghana,Aug,Stat,21/22,14.0
Ghana,Sep,Stat,21/22,9.0
Ghana,Oct,Tree,21/22,59.0
Ghana,Nov,Tree,21/22,93.0
Ghana,Dec,Tree,21/22,119.0
Ghana,Jan,Tree,21/22,139.0
Ghana,Feb,Tree,21/22,55.0
Ghana,Mar,Tree,21/22,56.0
Ghana,Apr,Tree,21/22,44.0
Ghana,May,Tree,21/22,70.0
Ghana,Jun,Tree,21/22,21.0
Ghana,Jul,Tree,21/22,7.0
Ghana,Aug,Tree,21/22,9.0
Ghana,Sep,Tree,21/22,34.0
Ghana,Oct,Stat,22/23,93.0
Ghana,Nov,Stat,22/23,173.0
Ghana,Dec,Stat,22/23,153.0
Ghana,Jan,Stat,22/23,110.0
Ghana,Feb,Stat,22/23,32.0
Ghana,Mar,Stat,22/23,13.0
Ghana,Apr,Stat,22/23,20.0
Ghana,May,Stat,22/23,32.0
Ghana,Jun,Stat,22/23,14.0
Ghana,Jul,Stat,22/23,18.0
Ghana,Aug,Stat,22/23,10.0
Ghana,Sep,Stat,22/23,28.0
Ghana,Oct,Tree,22/23,88.0
Ghana,Nov,Tree,22/23,148.0
Ghana,Dec,Tree,22/23,138.0
Ghana,Jan,Tree,22/23,110.0
Ghana,Feb,Tree,22/23,32.0
Ghana,Mar,Tree,22/23,13.0
Ghana,Apr,Tree,22/23,20.0
Ghana,May,Tree,22/23,32.0
Ghana,Jun,Tree,22/23,14.0
Ghana,Jul,Tree,22/23,18.0
Ghana,Aug,Tree,22/23,15.0
Ghana,Sep,Tree,22/23,33.0
Ghana,Oct,Stat,23/24,82.0
Ghana,Nov,Stat,23/24,106.0
Ghana,Dec,Stat,23/24,84.0
Ghana,Jan,Stat,23/24,52.0
Ghana,Feb,Stat,23/24,21.0
Ghana,Mar,Stat,23/24,10.0
Ghana,Apr,Stat,23/24,14.0
Ghana,May,Stat,23/24,21.0
Ghana,Jun,Stat,23/24,18.0
Ghana,Jul,Stat,23/24,10.0
Ghana,Aug,Stat,23/24,2.0
Ghana,Sep,Stat,23/24,34.0
Ghana,Oct,Tree,23/24,80.0
Ghana,Nov,Tree,23/24,104.0
Ghana,Dec,Tree,23/24,88.0
Ghana,Jan,Tree,23/24,56.0
Ghana,Feb,Tree,23/24,29.0
Ghana,Mar,Tree,23/24,13.0
Ghana,Apr,Tree,23/24,15.0
Ghana,May,Tree,23/24,29.0
Ghana,Jun,Tree,23/24,19.0
Ghana,Jul,Tree,23/24,15.0
Ghana,Aug,Tree,23/24,8.0
Ghana,Sep,Tree,23/24,34.0
Ghana,Oct,Stat,24/25,127.0
Ghana,Nov,Stat,24/25,148.0
Ghana,Dec,Stat,24/25,153.0
Ghana,Jan,Stat,24/25,88.0
Ghana,Feb,Stat,24/25,16.0
Ghana,Mar,Stat,24/25,2.0
Ghana,Apr,Stat,24/25,5.0
Ghana,May,Stat,24/25,17.0
Ghana,Jun,Stat,24/25,2.0
Ghana,Jul,Stat,24/25,2.0
Ghana,Aug,Stat,24/25,31.0
Ghana,Sep,Stat,24/25,46.0
Ghana,Oct,Tree,24/25,127.0
Ghana,Nov,Tree,24/25,157.0
Ghana,Dec,Tree,24/25,160.0
Ghana,Jan,Tree,24/25,94.0
Ghana,Feb,Tree,24/25,21.0
Ghana,Mar,Tree,24/25,4.0
Ghana,Apr,Tree,24/25,13.0
Ghana,May,Tree,24/25,35.0
Ghana,Jun,Tree,24/25,20.0
Ghana,Jul,Tree,24/25,17.0
Ghana,Aug,Tree,24/25,8.0
Ghana,Sep,Tree,24/25,29.0
Ghana,Oct,Stat,25/26,99.0
Ghana,Nov,Stat,25/26,144.0
Ghana,Dec,Stat,25/26,156.0
Ghana,Jan,Stat,25/26,95.0
Ghana,Feb,Stat,25/26,21.0
Ghana,Mar,Stat,25/26,17.0
Ghana,Apr,Stat,25/26,25.0
Ghana,May,Stat,25/26,46.0
Ghana,Jun,Stat,25/26,43.0
Ghana,Jul,Stat,25/26,25.0
Ghana,Aug,Stat,25/26,12.0
Ghana,Sep,Stat,25/26,44.0
Ghana,Oct,Tree,25/26,102.0
Ghana,Nov,Tree,25/26,158.0
Ghana,Dec,Tree,25/26,163.0
Ghana,Jan,Tree,25/26,88.0
Ghana,Feb,Tree,25/26,22.0
Ghana,Mar,Tree,25/26,16.0
Ghana,Apr,Tree,25/26,21.0
Ghana,May,Tree,25/26,48.0
Ghana,Jun,Tree,25/26,46.0
Ghana,Jul,Tree,25/26,27.0
Ghana,Aug,Tree,25/26,13.0
Ghana,Sep,Tree,25/26,44.0
Ghana,Oct,Stat,26/27,113.0
Ghana,Nov,Stat,26/27,131.0
Ghana,Dec,Stat,26/27,94.0
Ghana,Jan,Stat,26/27,94.0
Ghana,Feb,Stat,26/27,28.0
Ghana,Mar,Stat,26/27,20.0
Ghana,Apr,Stat,26/27,25.0
Ghana,May,Stat,26/27,39.0
Ghana,Jun,Stat,26/27,20.0
Ghana,Jul,Stat,26/27,11.0
Ghana,Aug,Stat,26/27,14.0
Ghana,Sep,Stat,26/27,23.0
Ghana,Oct,Tree,26/27,113.0
Ghana,Nov,Tree,26/27,131.0
Ghana,Dec,Tree,26/27,94.0
Ghana,Jan,Tree,26/27,94.0
Ghana,Feb,Tree,26/27,28.0
