Month,Year,NUMBER,CLASS,REGION,COUNTRY
1,1950,0.8,1. Tiny,ALL,GH
1,1950,0.9,2.1 Small-1,ALL,GH
1,1950,6.9,2.2 Small-2,ALL,GH
1,1950,7.4,2. Small,ALL,GH
1,1950,0.6,3. Large,ALL,GH
1,1950,0.5,4. Mature,ALL,GH
1,1950,0.5,5. Ripe,ALL,GH
1,1950,0.0,6. Insect,ALL,GH
1,1950,0.1,7. Forced,ALL,GH
1,1950,0.1,8. Damaged,ALL,GH
1,1950,0.0,9. Black,ALL,GH
1,1950,9.7,TOTAL,ALL,GH
2,1950,0.5,1. Tiny,ALL,GH
2,1950,0.7,2.1 Small-1,ALL,GH
2,1950,6.2,2.2 Small-2,ALL,GH
2,1950,6.4,2. Small,ALL,GH
2,1950,1.1,3. Large,ALL,GH
2,1950,1.1,4. Mature,ALL,GH
2,1950,0.4,5. Ripe,ALL,GH
2,1950,0.0,6. Insect,ALL,GH
2,1950,0.1,7. Forced,ALL,GH
2,1950,0.1,8. Damaged,ALL,GH
2,1950,0.0,9. Black,ALL,GH
2,1950,9.6,TOTAL,ALL,GH
3,1950,0.3,1. Tiny,ALL,GH
3,1950,0.5,2.1 Small-1,ALL,GH
3,1950,4.7,2.2 Small-2,ALL,GH
3,1950,4.6,2. Small,ALL,GH
3,1950,1.3,3. Large,ALL,GH
3,1950,1.3,4. Mature,ALL,GH
3,1950,0.6,5. Ripe,ALL,GH
3,1950,0.0,6. Insect,ALL,GH
3,1950,0.1,7. Forced,ALL,GH
3,1950,0.1,8. Damaged,ALL,GH
3,1950,0.0,9. Black,ALL,GH
3,1950,8.2,TOTAL,ALL,GH
4,1950,1.3,1. Tiny,ALL,GH
4,1950,0.6,2.1 Small-1,ALL,GH
4,1950,3.2,2.2 Small-2,ALL,GH
4,1950,3.8,2. Small,ALL,GH
4,1950,0.7,3. Large,ALL,GH
4,1950,0.6,4. Mature,ALL,GH
4,1950,0.6,5. Ripe,ALL,GH
4,1950,0.0,6. Insect,ALL,GH
4,1950,0.1,7. Forced,ALL,GH
4,1950,0.1,8. Damaged,ALL,GH
4,1950,0.0,9. Black,ALL,GH
4,1950,7.0,TOTAL,ALL,GH
5,1950,2.4,1. Tiny,ALL,GH
5,1950,1.7,2.1 Small-1,ALL,GH
5,1950,3.5,2.2 Small-2,ALL,GH
5,1950,4.5,2. Small,ALL,GH
5,1950,0.4,3. Large,ALL,GH
5,1950,0.5,4. Mature,ALL,GH
5,1950,0.6,5. Ripe,ALL,GH
5,1950,0.0,6. Insect,ALL,GH
5,1950,0.1,7. Forced,ALL,GH
5,1950,0.1,8. Damaged,ALL,GH
5,1950,0.0,9. Black,ALL,GH
5,1950,8.6,TOTAL,ALL,GH
6,1950,3.6,1. Tiny,ALL,GH
6,1950,2.4,2.1 Small-1,ALL,GH
6,1950,7.4,2.2 Small-2,ALL,GH
6,1950,9.8,2. Small,ALL,GH
6,1950,0.3,3. Large,ALL,GH
6,1950,0.3,4. Mature,ALL,GH
6,1950,0.3,5. Ripe,ALL,GH
6,1950,0.0,6. Insect,ALL,GH
6,1950,0.0,7. Forced,ALL,GH
6,1950,0.1,8. Damaged,ALL,GH
6,1950,0.0,9. Black,ALL,GH
6,1950,14.2,TOTAL,ALL,GH
7,1950,2.5,1. Tiny,ALL,GH
7,1950,2.2,2.1 Small-1,ALL,GH
7,1950,11.9,2.2 Small-2,ALL,GH
7,1950,14.1,2. Small,ALL,GH
7,1950,0.9,3. Large,ALL,GH
7,1950,0.7,4. Mature,ALL,GH
7,1950,0.2,5. Ripe,ALL,GH
7,1950,0.0,6. Insect,ALL,GH
7,1950,0.0,7. Forced,ALL,GH
7,1950,0.1,8. Damaged,ALL,GH
7,1950,0.0,9. Black,ALL,GH
7,1950,18.3,TOTAL,ALL,GH
8,1950,1.5,1. Tiny,ALL,GH
8,1950,2.2,2.1 Small-1,ALL,GH
8,1950,13.4,2.2 Small-2,ALL,GH
8,1950,15.6,2. Small,ALL,GH
8,1950,1.7,3. Large,ALL,GH
8,1950,1.6,4. Mature,ALL,GH
8,1950,0.4,5. Ripe,ALL,GH
8,1950,0.0,6. Insect,ALL,GH
8,1950,0.1,7. Forced,ALL,GH
8,1950,0.1,8. Damaged,ALL,GH
8,1950,0.0,9. Black,ALL,GH
8,1950,20.7,TOTAL,ALL,GH
9,1950,0.7,1. Tiny,ALL,GH
9,1950,0.8,2.1 Small-1,ALL,GH
9,1950,10.7,2.2 Small-2,ALL,GH
9,1950,10.7,2. Small,ALL,GH
9,1950,3.0,3. Large,ALL,GH
9,1950,3.5,4. Mature,ALL,GH
9,1950,1.0,5. Ripe,ALL,GH
9,1950,0.0,6. Insect,ALL,GH
9,1950,0.1,7. Forced,ALL,GH
9,1950,0.2,8. Damaged,ALL,GH
9,1950,0.0,9. Black,ALL,GH
9,1950,19.0,TOTAL,ALL,GH
10,1950,0.9,1. Tiny,ALL,GH
10,1950,0.7,2.1 Small-1,ALL,GH
10,1950,7.5,2.2 Small-2,ALL,GH
10,1950,7.2,2. Small,ALL,GH
10,1950,2.5,3. Large,ALL,GH
10,1950,3.5,4. Mature,ALL,GH
10,1950,1.7,5. Ripe,ALL,GH
10,1950,0.1,6. Insect,ALL,GH
10,1950,0.1,7. Forced,ALL,GH
10,1950,0.2,8. Damaged,ALL,GH
10,1950,0.1,9. Black,ALL,GH
10,1950,15.5,TOTAL,ALL,GH
11,1950,1.7,1. Tiny,ALL,GH
11,1950,1.1,2.1 Small-1,ALL,GH
11,1950,5.6,2.2 Small-2,ALL,GH
11,1950,6.6,2. Small,ALL,GH
11,1950,1.5,3. Large,ALL,GH
11,1950,1.9,4. Mature,ALL,GH
11,1950,1.4,5. Ripe,ALL,GH
11,1950,0.1,6. Insect,ALL,GH
11,1950,0.1,7. Forced,ALL,GH
11,1950,0.2,8. Damaged,ALL,GH
11,1950,0.0,9. Black,ALL,GH
11,1950,13.4,TOTAL,ALL,GH
12,1950,1.5,1. Tiny,ALL,GH
12,1950,1.5,2.1 Small-1,ALL,GH
12,1950,6.2,2.2 Small-2,ALL,GH
12,1950,7.3,2. Small,ALL,GH
12,1950,0.9,3. Large,ALL,GH
12,1950,1.1,4. Mature,ALL,GH
12,1950,1.4,5. Ripe,ALL,GH
12,1950,0.0,6. Insect,ALL,GH
12,1950,0.1,7. Forced,ALL,GH
12,1950,0.2,8. Damaged,ALL,GH
12,1950,0.0,9. Black,ALL,GH
12,1950,11.8,TOTAL,ALL,GH
4,2022,7.0,TOTAL,ALL,GH
5,2022,9.0,TOTAL,ALL,GH
6,2022,14.0,TOTAL,ALL,GH
7,2022,15.75,TOTAL,ALL,GH
8,2022,19.8,TOTAL,ALL,GH
9,2022,18.0,TOTAL,ALL,GH
10,2022,0.7,1. Tiny,ALL,GH
10,2022,0.6,2.1 Small-1,ALL,GH
10,2022,7.2,2.2 Small-2,ALL,GH
10,2022,7.8,2. Small,ALL,GH
10,2022,1.8,3. Large,ALL,GH
10,2022,2.1,4. Mature,ALL,GH
10,2022,1.1,5. Ripe,ALL,GH
10,2022,0.0,6. Insect,ALL,GH
10,2022,0.1,7. Forced,ALL,GH
10,2022,0.1,8. Damaged,ALL,GH
10,2022,0.0,9. Black,ALL,GH
10,2022,13.6,TOTAL,ALL,GH
11,2022,0.9,1. Tiny,ALL,GH
11,2022,1.1,2.1 Small-1,ALL,GH
11,2022,4.6,2.2 Small-2,ALL,GH
11,2022,5.7,2. Small,ALL,GH
11,2022,1.5,3. Large,ALL,GH
11,2022,2.0,4. Mature,ALL,GH
11,2022,1.1,5. Ripe,ALL,GH
11,2022,0.0,6. Insect,ALL,GH
11,2022,0.1,7. Forced,ALL,GH
11,2022,0.1,8. Damaged,ALL,GH
11,2022,0.0,9. Black,ALL,GH
11,2022,11.3,TOTAL,ALL,GH
12,2022,0.7,1. Tiny,ALL,GH
12,2022,0.8,2.1 Small-1,ALL,GH
12,2022,5.9,2.2 Small-2,ALL,GH
12,2022,6.8,2. Small,ALL,GH
12,2022,0.8,3. Large,ALL,GH
12,2022,0.9,4. Mature,ALL,GH
12,2022,1.2,5. Ripe,ALL,GH
12,2022,0.0,6. Insect,ALL,GH
12,2022,0.1,7. Forced,ALL,GH
12,2022,0.1,8. Damaged,ALL,GH
12,2022,0.0,9. Black,ALL,GH
12,2022,10.5,TOTAL,ALL,GH
1,2023,1.2,1. Tiny,ALL,GH
1,2023,1.0,2.1 Small-1,ALL,GH
1,2023,6.2,2.2 Small-2,ALL,GH
1,2023,7.2,2. Small,ALL,GH
1,2023,0.4,3. Large,ALL,GH
1,2023,0.4,4. Mature,ALL,GH
1,2023,0.4,5. Ripe,ALL,GH
1,2023,0.0,6. Insect,ALL,GH
1,2023,0.1,7. Forced,ALL,GH
1,2023,0.1,8. Damaged,ALL,GH
1,2023,0.0,9. Black,ALL,GH
1,2023,9.6,TOTAL,ALL,GH
2,2023,0.3,1. Tiny,ALL,GH
2,2023,0.5,2.1 Small-1,ALL,GH
2,2023,5.7,2.2 Small-2,ALL,GH
2,2023,6.2,2. Small,ALL,GH
2,2023,1.0,3. Large,ALL,GH
2,2023,0.7,4. Mature,ALL,GH
2,2023,0.3,5. Ripe,ALL,GH
2,2023,0.0,6. Insect,ALL,GH
2,2023,0.0,7. Forced,ALL,GH
2,2023,0.0,8. Damaged,ALL,GH
2,2023,0.0,9. Black,ALL,GH
2,2023,8.5,TOTAL,ALL,GH
3,2023,0.3,1. Tiny,ALL,GH
3,2023,0.4,2.1 Small-1,ALL,GH
3,2023,4.5,2.2 Small-2,ALL,GH
3,2023,4.9,2. Small,ALL,GH
3,2023,1.0,3. Large,ALL,GH
3,2023,0.8,4. Mature,ALL,GH
3,2023,0.4,5. Ripe,ALL,GH
3,2023,0.0,6. Insect,ALL,GH
3,2023,0.1,7. Forced,ALL,GH
3,2023,0.1,8. Damaged,ALL,GH
3,2023,0.0,9. Black,ALL,GH
3,2023,7.6,TOTAL,ALL,GH
4,2023,1.6,1. Tiny,ALL,GH
4,2023,0.7,2.1 Small-1,ALL,GH
4,2023,3.6,2.2 Small-2,ALL,GH
4,2023,4.3,2. Small,ALL,GH
4,2023,0.7,3. Large,ALL,GH
4,2023,0.7,4. Mature,ALL,GH
4,2023,0.6,5. Ripe,ALL,GH
4,2023,0.0,6. Insect,ALL,GH
4,2023,0.1,7. Forced,ALL,GH
4,2023,0.1,8. Damaged,ALL,GH
4,2023,0.0,9. Black,ALL,GH
4,2023,7.9,TOTAL,ALL,GH
5,2023,1.7,1. Tiny,ALL,GH
5,2023,1.5,2.1 Small-1,ALL,GH
5,2023,5.1,2.2 Small-2,ALL,GH
5,2023,6.6,2. Small,ALL,GH
5,2023,0.5,3. Large,ALL,GH
5,2023,0.5,4. Mature,ALL,GH
5,2023,0.4,5. Ripe,ALL,GH
5,2023,0.0,6. Insect,ALL,GH
5,2023,0.1,7. Forced,ALL,GH
5,2023,0.1,8. Damaged,ALL,GH
5,2023,0.0,9. Black,ALL,GH
5,2023,9.8,TOTAL,ALL,GH
6,2023,3.6,1. Tiny,ALL,GH
6,2023,2.5,2.1 Small-1,ALL,GH
6,2023,7.8,2.2 Small-2,ALL,GH
6,2023,10.3,2. Small,ALL,GH
6,2023,0.5,3. Large,ALL,GH
6,2023,0.4,4. Mature,ALL,GH
6,2023,0.3,5. Ripe,ALL,GH
6,2023,0.0,6. Insect,ALL,GH
6,2023,0.0,7. Forced,ALL,GH
6,2023,0.0,8. Damaged,ALL,GH
6,2023,0.0,9. Black,ALL,GH
6,2023,15.1,TOTAL,ALL,GH
7,2023,1.6,1. Tiny,ALL,GH
7,2023,1.5,2.1 Small-1,ALL,GH
7,2023,11.5,2.2 Small-2,ALL,GH
7,2023,13.0,2. Small,ALL,GH
7,2023,1.0,3. Large,ALL,GH
7,2023,1.0,4. Mature,ALL,GH
7,2023,0.3,5. Ripe,ALL,GH
7,2023,0.0,6. Insect,ALL,GH
7,2023,0.1,7. Forced,ALL,GH
7,2023,0.1,8. Damaged,ALL,GH
7,2023,0.0,9. Black,ALL,GH
7,2023,17.1,TOTAL,ALL,GH
8,2023,0.9,1. Tiny,ALL,GH
8,2023,1.0,2.1 Small-1,ALL,GH
8,2023,10.6,2.2 Small-2,ALL,GH
8,2023,11.6,2. Small,ALL,GH
8,2023,1.5,3. Large,ALL,GH
8,2023,1.8,4. Mature,ALL,GH
8,2023,0.5,5. Ripe,ALL,GH
8,2023,0.0,6. Insect,ALL,GH
8,2023,0.0,7. Forced,ALL,GH
8,2023,0.1,8. Damaged,ALL,GH
8,2023,0.0,9. Black,ALL,GH
8,2023,16.4,TOTAL,ALL,GH
9,2023,0.4,1. Tiny,ALL,GH
9,2023,0.8,2.1 Small-1,ALL,GH
9,2023,7.5,2.2 Small-2,ALL,GH
9,2023,8.3,2. Small,ALL,GH
9,2023,1.8,3. Large,ALL,GH
9,2023,2.2,4. Mature,ALL,GH
9,2023,0.9,5. Ripe,ALL,GH
9,2023,0.0,6. Insect,ALL,GH
9,2023,0.1,7. Forced,ALL,GH
9,2023,0.1,8. Damaged,ALL,GH
9,2023,0.0,9. Black,ALL,GH
9,2023,13.7,TOTAL,ALL,GH
10,2023,0.6,1. Tiny,ALL,GH
10,2023,0.8,2.1 Small-1,ALL,GH
10,2023,5.1,2.2 Small-2,ALL,GH
10,2023,5.8,2. Small,ALL,GH
10,2023,1.3,3. Large,ALL,GH
10,2023,1.4,4. Mature,ALL,GH
10,2023,1.1,5. Ripe,ALL,GH
10,2023,0.0,6. Insect,ALL,GH
10,2023,0.2,7. Forced,ALL,GH
10,2023,0.2,8. Damaged,ALL,GH
10,2023,0.0,9. Black,ALL,GH
10,2023,10.4,TOTAL,ALL,GH
11,2023,1.3,1. Tiny,ALL,GH
11,2023,0.7,2.1 Small-1,ALL,GH
11,2023,4.8,2.2 Small-2,ALL,GH
11,2023,5.5,2. Small,ALL,GH
11,2023,0.9,3. Large,ALL,GH
11,2023,0.9,4. Mature,ALL,GH
11,2023,1.1,5. Ripe,ALL,GH
11,2023,0.0,6. Insect,ALL,GH
11,2023,0.1,7. Forced,ALL,GH
11,2023,0.1,8. Damaged,ALL,GH
11,2023,0.0,9. Black,ALL,GH
11,2023,9.7,TOTAL,ALL,GH
12,2023,1.9,1. Tiny,ALL,GH
12,2023,1.1,2.1 Small-1,ALL,GH
12,2023,5.3,2.2 Small-2,ALL,GH
12,2023,6.4,2. Small,ALL,GH
12,2023,0.6,3. Large,ALL,GH
12,2023,0.6,4. Mature,ALL,GH
12,2023,0.7,5. Ripe,ALL,GH
12,2023,0.0,6. Insect,ALL,GH
12,2023,0.1,7. Forced,ALL,GH
12,2023,0.1,8. Damaged,ALL,GH
12,2023,0.0,9. Black,ALL,GH
12,2023,10.2,TOTAL,ALL,GH
1,2024,0.9,1. Tiny,ALL,GH
1,2024,1.1,2.1 Small-1,ALL,GH
1,2024,7.3,2.2 Small-2,ALL,GH
1,2024,8.4,2. Small,ALL,GH
1,2024,0.5,3. Large,ALL,GH
1,2024,0.5,4. Mature,ALL,GH
1,2024,0.5,5. Ripe,ALL,GH
1,2024,0.0,6. Insect,ALL,GH
1,2024,0.1,7. Forced,ALL,GH
1,2024,0.1,8. Damaged,ALL,GH
1,2024,0.0,9. Black,ALL,GH
1,2024,10.9,TOTAL,ALL,GH
2,2024,1.0,1. Tiny,ALL,GH
2,2024,0.9,2.1 Small-1,ALL,GH
2,2024,7.1,2.2 Small-2,ALL,GH
2,2024,8.0,2. Small,ALL,GH
2,2024,0.6,3. Large,ALL,GH
2,2024,0.6,4. Mature,ALL,GH
2,2024,0.3,5. Ripe,ALL,GH
2,2024,0.0,6. Insect,ALL,GH
2,2024,0.1,7. Forced,ALL,GH
2,2024,0.1,8. Damaged,ALL,GH
2,2024,0.0,9. Black,ALL,GH
2,2024,10.6,TOTAL,ALL,GH
3,2024,0.3,1. Tiny,ALL,GH
3,2024,0.2,2.1 Small-1,ALL,GH
3,2024,6.5,2.2 Small-2,ALL,GH
3,2024,6.6,2. Small,ALL,GH
3,2024,1.1,3. Large,ALL,GH
3,2024,0.6,4. Mature,ALL,GH
3,2024,0.4,5. Ripe,ALL,GH
3,2024,0.0,6. Insect,ALL,GH
3,2024,0.0,7. Forced,ALL,GH
3,2024,0.0,8. Damaged,ALL,GH
3,2024,0.0,9. Black,ALL,GH
3,2024,9.1,TOTAL,ALL,GH
4,2024,1.6,1. Tiny,ALL,GH
4,2024,0.7,2.1 Small-1,ALL,GH
4,2024,4.3,2.2 Small-2,ALL,GH
4,2024,5.0,2. Small,ALL,GH
4,2024,0.9,3. Large,ALL,GH
4,2024,0.4,4. Mature,ALL,GH
4,2024,0.5,5. Ripe,ALL,GH
4,2024,0.0,6. Insect,ALL,GH
4,2024,0.1,7. Forced,ALL,GH
4,2024,0.1,8. Damaged,ALL,GH
4,2024,0.0,9. Black,ALL,GH
4,2024,8.5,TOTAL,ALL,GH
5,2024,2.6,1. Tiny,ALL,GH
5,2024,1.3,2.1 Small-1,ALL,GH
5,2024,5.9,2.2 Small-2,ALL,GH
5,2024,7.2,2. Small,ALL,GH
5,2024,0.5,3. Large,ALL,GH
5,2024,0.4,4. Mature,ALL,GH
5,2024,0.4,5. Ripe,ALL,GH
5,2024,0.0,6. Insect,ALL,GH
5,2024,0.1,7. Forced,ALL,GH
5,2024,0.1,8. Damaged,ALL,GH
5,2024,0.0,9. Black,ALL,GH
5,2024,11.2,TOTAL,ALL,GH
6,2024,4.7,1. Tiny,ALL,GH
6,2024,2.2,2.1 Small-1,ALL,GH
6,2024,10.4,2.2 Small-2,ALL,GH
6,2024,12.6,2. Small,ALL,GH
6,2024,0.4,3. Large,ALL,GH
6,2024,0.3,4. Mature,ALL,GH
6,2024,0.3,5. Ripe,ALL,GH
6,2024,0.0,6. Insect,ALL,GH
6,2024,0.0,7. Forced,ALL,GH
6,2024,0.0,8. Damaged,ALL,GH
6,2024,0.0,9. Black,ALL,GH
6,2024,18.3,TOTAL,ALL,GH
7,2024,2.6,1. Tiny,ALL,GH
7,2024,1.9,2.1 Small-1,ALL,GH
7,2024,16.5,2.2 Small-2,ALL,GH
7,2024,18.4,2. Small,ALL,GH
7,2024,1.2,3. Large,ALL,GH
7,2024,0.9,4. Mature,ALL,GH
7,2024,0.2,5. Ripe,ALL,GH
7,2024,0.0,6. Insect,ALL,GH
7,2024,0.0,7. Forced,ALL,GH
7,2024,0.0,8. Damaged,ALL,GH
7,2024,0.0,9. Black,ALL,GH
7,2024,23.3,TOTAL,ALL,GH
8,2024,1.1,1. Tiny,ALL,GH
8,2024,1.1,2.1 Small-1,ALL,GH
8,2024,17.7,2.2 Small-2,ALL,GH
8,2024,18.8,2. Small,ALL,GH
8,2024,2.1,3. Large,ALL,GH
8,2024,1.7,4. Mature,ALL,GH
8,2024,0.4,5. Ripe,ALL,GH
8,2024,0.0,6. Insect,ALL,GH
8,2024,0.1,7. Forced,ALL,GH
8,2024,0.1,8. Damaged,ALL,GH
8,2024,0.0,9. Black,ALL,GH
8,2024,24.2,TOTAL,ALL,GH
9,2024,0.7,1. Tiny,ALL,GH
9,2024,0.5,2.1 Small-1,ALL,GH
9,2024,12.8,2.2 Small-2,ALL,GH
9,2024,13.3,2. Small,ALL,GH
9,2024,2.9,3. Large,ALL,GH
9,2024,2.2,4. Mature,ALL,GH
9,2024,0.9,5. Ripe,ALL,GH
9,2024,0.0,6. Insect,ALL,GH
9,2024,0.2,7. Forced,ALL,GH
9,2024,0.2,8. Damaged,ALL,GH
9,2024,0.0,9. Black,ALL,GH
9,2024,20.2,TOTAL,ALL,GH
10,2024,0.1,1. Tiny,ALL,GH
10,2024,0.1,2.1 Small-1,ALL,GH
10,2024,6.9,2.2 Small-2,ALL,GH
10,2024,7.0,2. Small,ALL,GH
10,2024,2.8,3. Large,ALL,GH
10,2024,2.9,4. Mature,ALL,GH
10,2024,1.6,5. Ripe,ALL,GH
10,2024,0.0,6. Insect,ALL,GH
10,2024,0.1,7. Forced,ALL,GH
10,2024,0.1,8. Damaged,ALL,GH
10,2024,0.0,9. Black,ALL,GH
10,2024,14.4,TOTAL,ALL,GH
11,2024,1.7,1. Tiny,ALL,GH
11,2024,0.7,2.1 Small-1,ALL,GH
11,2024,3.6,2.2 Small-2,ALL,GH
11,2024,4.4,2. Small,ALL,GH
11,2024,1.3,3. Large,ALL,GH
11,2024,1.4,4. Mature,ALL,GH
11,2024,1.7,5. Ripe,ALL,GH
11,2024,0.0,6. Insect,ALL,GH
11,2024,0.1,7. Forced,ALL,GH
11,2024,0.1,8. Damaged,ALL,GH
11,2024,0.0,9. Black,ALL,GH
11,2024,10.5,TOTAL,ALL,GH
12,2024,0.9,1. Tiny,ALL,GH
12,2024,0.7,2.1 Small-1,ALL,GH
12,2024,4.4,2.2 Small-2,ALL,GH
12,2024,5.2,2. Small,ALL,GH
12,2024,0.6,3. Large,ALL,GH
12,2024,0.6,4. Mature,ALL,GH
12,2024,1.1,5. Ripe,ALL,GH
12,2024,0.0,6. Insect,ALL,GH
12,2024,0.1,7. Forced,ALL,GH
12,2024,0.1,8. Damaged,ALL,GH
12,2024,0.0,9. Black,ALL,GH
12,2024,8.4,TOTAL,ALL,GH
1,2025,0.2,1. Tiny,ALL,GH
1,2025,0.2,2.1 Small-1,ALL,GH
1,2025,5.5,2.2 Small-2,ALL,GH
1,2025,5.7,2. Small,ALL,GH
1,2025,0.2,3. Large,ALL,GH
1,2025,0.2,4. Mature,ALL,GH
1,2025,0.3,5. Ripe,ALL,GH
1,2025,0.0,6. Insect,ALL,GH
1,2025,0.0,7. Forced,ALL,GH
1,2025,0.0,8. Damaged,ALL,GH
1,2025,0.0,9. Black,ALL,GH
1,2025,6.7,TOTAL,ALL,GH
2,2025,0.1,1. Tiny,ALL,GH
2,2025,0.1,2.1 Small-1,ALL,GH
2,2025,5.3,2.2 Small-2,ALL,GH
2,2025,5.4,2. Small,ALL,GH
2,2025,0.6,3. Large,ALL,GH
2,2025,0.2,4. Mature,ALL,GH
2,2025,0.2,5. Ripe,ALL,GH
2,2025,0.0,6. Insect,ALL,GH
2,2025,0.0,7. Forced,ALL,GH
2,2025,0.0,8. Damaged,ALL,GH
2,2025,0.0,9. Black,ALL,GH
2,2025,6.6,TOTAL,ALL,GH
3,2025,0.2,1. Tiny,ALL,GH
3,2025,0.1,2.1 Small-1,ALL,GH
3,2025,3.8,2.2 Small-2,ALL,GH
3,2025,3.9,2. Small,ALL,GH
3,2025,1.1,3. Large,ALL,GH
3,2025,0.7,4. Mature,ALL,GH
3,2025,0.3,5. Ripe,ALL,GH
3,2025,0.0,6. Insect,ALL,GH
3,2025,0.0,7. Forced,ALL,GH
3,2025,0.0,8. Damaged,ALL,GH
3,2025,0.0,9. Black,ALL,GH
3,2025,6.3,TOTAL,ALL,GH
4,2025,1.1,1. Tiny,ALL,GH
4,2025,0.6,2.1 Small-1,ALL,GH
4,2025,2.7,2.2 Small-2,ALL,GH
4,2025,3.3,2. Small,ALL,GH
4,2025,0.6,3. Large,ALL,GH
4,2025,0.5,4. Mature,ALL,GH
4,2025,0.6,5. Ripe,ALL,GH
4,2025,0.0,6. Insect,ALL,GH
4,2025,0.1,7. Forced,ALL,GH
4,2025,0.1,8. Damaged,ALL,GH
4,2025,0.0,9. Black,ALL,GH
4,2025,6.2,TOTAL,ALL,GH
5,2025,2.6,1. Tiny,ALL,GH
5,2025,1.1,2.1 Small-1,ALL,GH
5,2025,4.2,2.2 Small-2,ALL,GH
5,2025,5.3,2. Small,ALL,GH
5,2025,0.2,3. Large,ALL,GH
5,2025,0.1,4. Mature,ALL,GH
5,2025,0.2,5. Ripe,ALL,GH
5,2025,0.0,6. Insect,ALL,GH
5,2025,0.1,7. Forced,ALL,GH
5,2025,0.1,8. Damaged,ALL,GH
5,2025,0.0,9. Black,ALL,GH
5,2025,8.5,TOTAL,ALL,GH
6,2025,2.9,1. Tiny,ALL,GH
6,2025,2.5,2.1 Small-1,ALL,GH
6,2025,10.3,2.2 Small-2,ALL,GH
6,2025,12.8,2. Small,ALL,GH
6,2025,0.4,3. Large,ALL,GH
6,2025,0.2,4. Mature,ALL,GH
6,2025,0.2,5. Ripe,ALL,GH
6,2025,0.0,6. Insect,ALL,GH
6,2025,0.0,7. Forced,ALL,GH
6,2025,0.0,8. Damaged,ALL,GH
6,2025,0.0,9. Black,ALL,GH
6,2025,16.5,TOTAL,ALL,GH
7,2025,2.4,1. Tiny,ALL,GH
7,2025,2.7,2.1 Small-1,ALL,GH
7,2025,14.7,2.2 Small-2,ALL,GH
7,2025,17.4,2. Small,ALL,GH
7,2025,1.2,3. Large,ALL,GH
7,2025,0.5,4. Mature,ALL,GH
7,2025,0.1,5. Ripe,ALL,GH
7,2025,0.0,6. Insect,ALL,GH
7,2025,0.0,7. Forced,ALL,GH
7,2025,0.0,8. Damaged,ALL,GH
7,2025,0.0,9. Black,ALL,GH
7,2025,21.5,TOTAL,ALL,GH
8,2025,0.3,1. Tiny,ALL,GH
8,2025,1.2,2.1 Small-1,ALL,GH
8,2025,16.2,2.2 Small-2,ALL,GH
8,2025,17.5,2. Small,ALL,GH
8,2025,2.3,3. Large,ALL,GH
8,2025,1.2,4. Mature,ALL,GH
8,2025,0.4,5. Ripe,ALL,GH
8,2025,0.0,6. Insect,ALL,GH
8,2025,0.0,7. Forced,ALL,GH
8,2025,0.0,8. Damaged,ALL,GH
8,2025,0.0,9. Black,ALL,GH
8,2025,21.7,TOTAL,ALL,GH
9,2025,0.4,1. Tiny,ALL,GH
9,2025,0.5,2.1 Small-1,ALL,GH
9,2025,9.1,2.2 Small-2,ALL,GH
9,2025,9.6,2. Small,ALL,GH
9,2025,3.8,3. Large,ALL,GH
9,2025,3.1,4. Mature,ALL,GH
9,2025,0.9,5. Ripe,ALL,GH
9,2025,0.0,6. Insect,ALL,GH
9,2025,0.1,7. Forced,ALL,GH
9,2025,0.2,8. Damaged,ALL,GH
9,2025,0.0,9. Black,ALL,GH
9,2025,17.9,TOTAL,ALL,GH
10,2025,0.1,1. Tiny,ALL,GH
10,2025,0.1,2.1 Small-1,ALL,GH
10,2025,5.0,2.2 Small-2,ALL,GH
10,2025,5.1,2. Small,ALL,GH
10,2025,2.6,3. Large,ALL,GH
10,2025,2.7,4. Mature,ALL,GH
10,2025,2.1,5. Ripe,ALL,GH
10,2025,0.0,6. Insect,ALL,GH
10,2025,0.1,7. Forced,ALL,GH
10,2025,0.1,8. Damaged,ALL,GH
10,2025,0.0,9. Black,ALL,GH
10,2025,12.8,TOTAL,ALL,GH
11,2025,0.8,1. Tiny,ALL,GH
11,2025,1.0,2.1 Small-1,ALL,GH
11,2025,2.7,2.2 Small-2,ALL,GH
11,2025,3.7,2. Small,ALL,GH
11,2025,1.0,3. Large,ALL,GH
11,2025,1.1,4. Mature,ALL,GH
11,2025,1.5,5. Ripe,ALL,GH
11,2025,0.0,6. Insect,ALL,GH
11,2025,0.1,7. Forced,ALL,GH
11,2025,0.1,8. Damaged,ALL,GH
11,2025,0.0,9. Black,ALL,GH
11,2025,8.2,TOTAL,ALL,GH
12,2025,1.1,1. Tiny,ALL,GH
12,2025,1.6,2.1 Small-1,ALL,GH
12,2025,3.4,2.2 Small-2,ALL,GH
12,2025,4.9,2. Small,ALL,GH
12,2025,0.4,3. Large,ALL,GH
12,2025,0.4,4. Mature,ALL,GH
12,2025,1.1,5. Ripe,ALL,GH
12,2025,0.0,6. Insect,ALL,GH
12,2025,0.1,7. Forced,ALL,GH
12,2025,0.1,8. Damaged,ALL,GH
12,2025,0.0,9. Black,ALL,GH
12,2025,8.0,TOTAL,ALL,GH
1,2026,0.5,1. Tiny,ALL,GH
1,2026,1.2,2.1 Small-1,ALL,GH
1,2026,5.5,2.2 Small-2,ALL,GH
1,2026,6.7,2. Small,ALL,GH
1,2026,0.4,3. Large,ALL,GH
1,2026,0.2,4. Mature,ALL,GH
1,2026,0.3,5. Ripe,ALL,GH
1,2026,,6. Insect,ALL,GH
1,2026,,7. Forced,ALL,GH
1,2026,,8. Damaged,ALL,GH
1,2026,,9. Black,ALL,GH
1,2026,8.1,TOTAL,ALL,GH
2,2026,0.4,1. Tiny,ALL,GH
2,2026,0.7,2.1 Small-1,ALL,GH
2,2026,6.5,2.2 Small-2,ALL,GH
2,2026,7.2,2. Small,ALL,GH
2,2026,0.9,3. Large,ALL,GH
2,2026,0.5,4. Mature,ALL,GH
2,2026,0.0,5. Ripe,ALL,GH
2,2026,,6. Insect,ALL,GH
2,2026,,7. Forced,ALL,GH
2,2026,,8. Damaged,ALL,GH
2,2026,,9. Black,ALL,GH
2,2026,9.3,TOTAL,ALL,GH
3,2026,0.5,1. Tiny,ALL,GH
3,2026,0.4,2.1 Small-1,ALL,GH
3,2026,4.6,2.2 Small-2,ALL,GH
3,2026,5.0,2. Small,ALL,GH
3,2026,1.4,3. Large,ALL,GH
3,2026,0.9,4. Mature,ALL,GH
3,2026,0.6,5. Ripe,ALL,GH
3,2026,,6. Insect,ALL,GH
3,2026,,7. Forced,ALL,GH
3,2026,,8. Damaged,ALL,GH
3,2026,,9. Black,ALL,GH
3,2026,8.3,TOTAL,ALL,GH
4,2026,0.6,1. Tiny,ALL,GH
4,2026,0.5,2.1 Small-1,ALL,GH
4,2026,3.2,2.2 Small-2,ALL,GH
4,2026,3.6,2. Small,ALL,GH
4,2026,1.0,3. Large,ALL,GH
4,2026,0.7,4. Mature,ALL,GH
4,2026,0.7,5. Ripe,ALL,GH
4,2026,,6. Insect,ALL,GH
4,2026,,7. Forced,ALL,GH
4,2026,,8. Damaged,ALL,GH
4,2026,,9. Black,ALL,GH
4,2026,6.7,TOTAL,ALL,GH
5,2026,1.7,1. Tiny,ALL,GH
5,2026,1.5,2.1 Small-1,ALL,GH
5,2026,3.0,2.2 Small-2,ALL,GH
5,2026,4.6,2. Small,ALL,GH
5,2026,0.5,3. Large,ALL,GH
5,2026,0.4,4. Mature,ALL,GH
5,2026,0.7,5. Ripe,ALL,GH
5,2026,,6. Insect,ALL,GH
5,2026,,7. Forced,ALL,GH
5,2026,,8. Damaged,ALL,GH
5,2026,,9. Black,ALL,GH
5,2026,7.9,TOTAL,ALL,GH
6,2026,1.8,1. Tiny,ALL,GH
6,2026,1.2,2.1 Small-1,ALL,GH
6,2026,5.1,2.2 Small-2,ALL,GH
6,2026,6.4,2. Small,ALL,GH
6,2026,0.4,3. Large,ALL,GH
6,2026,0.2,4. Mature,ALL,GH
6,2026,0.6,5. Ripe,ALL,GH
6,2026,,6. Insect,ALL,GH
6,2026,,7. Forced,ALL,GH
6,2026,,8. Damaged,ALL,GH
6,2026,,9. Black,ALL,GH
6,2026,9.3,TOTAL,ALL,GH
7,2026,2.9,1. Tiny,ALL,GH
7,2026,4.9,2.1 Small-1,ALL,GH
7,2026,5.6,2.2 Small-2,ALL,GH
7,2026,10.5,2. Small,ALL,GH
7,2026,0.7,3. Large,ALL,GH
7,2026,0.5,4. Mature,ALL,GH
7,2026,0.3,5. Ripe,ALL,GH
7,2026,,6. Insect,ALL,GH
7,2026,,7. Forced,ALL,GH
7,2026,,8. Damaged,ALL,GH
7,2026,,9. Black,ALL,GH
7,2026,14.9,TOTAL,ALL,GH
8,2026,0.7,1. Tiny,ALL,GH
8,2026,1.3,2.1 Small-1,ALL,GH
8,2026,10.4,2.2 Small-2,ALL,GH
8,2026,11.7,2. Small,ALL,GH
8,2026,1.5,3. Large,ALL,GH
8,2026,1.2,4. Mature,ALL,GH
8,2026,0.4,5. Ripe,ALL,GH
8,2026,,6. Insect,ALL,GH
8,2026,,7. Forced,ALL,GH
8,2026,,8. Damaged,ALL,GH
8,2026,,9. Black,ALL,GH
8,2026,15.4,TOTAL,ALL,GH
1,1950,1.1,1. Tiny,ALL,IVC
1,1950,1.2,2.1 Small-1,ALL,IVC
1,1950,5.6,2.2 Small-2,ALL,IVC
1,1950,7.2,2. Small,ALL,IVC
1,1950,0.8,3. Large,ALL,IVC
1,1950,1.0,4. Mature,ALL,IVC
1,1950,0.9,5. Ripe,ALL,IVC
1,1950,0.0,6. Insect,ALL,IVC
1,1950,0.1,7. Forced,ALL,IVC
1,1950,0.1,8. Damaged,ALL,IVC
1,1950,0.0,9. Black,ALL,IVC
1,1950,11.2,TOTAL,ALL,IVC
2,1950,0.9,1. Tiny,ALL,IVC
2,1950,0.9,2.1 Small-1,ALL,IVC
2,1950,5.4,2.2 Small-2,ALL,IVC
2,1950,6.3,2. Small,ALL,IVC
2,1950,0.8,3. Large,ALL,IVC
2,1950,1.0,4. Mature,ALL,IVC
2,1950,0.5,5. Ripe,ALL,IVC
2,1950,0.0,6. Insect,ALL,IVC
2,1950,0.1,7. Forced,ALL,IVC
2,1950,0.1,8. Damaged,ALL,IVC
2,1950,0.0,9. Black,ALL,IVC
2,1950,9.8,TOTAL,ALL,IVC
3,1950,0.9,1. Tiny,ALL,IVC
3,1950,0.8,2.1 Small-1,ALL,IVC
3,1950,4.9,2.2 Small-2,ALL,IVC
3,1950,5.6,2. Small,ALL,IVC
3,1950,1.3,3. Large,ALL,IVC
3,1950,1.5,4. Mature,ALL,IVC
3,1950,0.7,5. Ripe,ALL,IVC
3,1950,0.0,6. Insect,ALL,IVC
3,1950,0.1,7. Forced,ALL,IVC
3,1950,0.1,8. Damaged,ALL,IVC
3,1950,0.0,9. Black,ALL,IVC
3,1950,10.1,TOTAL,ALL,IVC
4,1950,1.9,1. Tiny,ALL,IVC
4,1950,1.0,2.1 Small-1,ALL,IVC
4,1950,4.4,2.2 Small-2,ALL,IVC
4,1950,5.4,2. Small,ALL,IVC
4,1950,0.8,3. Large,ALL,IVC
4,1950,0.8,4. Mature,ALL,IVC
4,1950,0.6,5. Ripe,ALL,IVC
4,1950,0.0,6. Insect,ALL,IVC
4,1950,0.1,7. Forced,ALL,IVC
4,1950,0.1,8. Damaged,ALL,IVC
4,1950,0.0,9. Black,ALL,IVC
4,1950,9.6,TOTAL,ALL,IVC
5,1950,3.2,1. Tiny,ALL,IVC
5,1950,1.8,2.1 Small-1,ALL,IVC
5,1950,5.8,2.2 Small-2,ALL,IVC
5,1950,7.6,2. Small,ALL,IVC
5,1950,0.6,3. Large,ALL,IVC
5,1950,0.6,4. Mature,ALL,IVC
5,1950,0.6,5. Ripe,ALL,IVC
5,1950,0.0,6. Insect,ALL,IVC
5,1950,0.1,7. Forced,ALL,IVC
5,1950,0.2,8. Damaged,ALL,IVC
5,1950,0.0,9. Black,ALL,IVC
5,1950,12.6,TOTAL,ALL,IVC
6,1950,2.6,1. Tiny,ALL,IVC
6,1950,2.1,2.1 Small-1,ALL,IVC
6,1950,7.8,2.2 Small-2,ALL,IVC
6,1950,9.1,2. Small,ALL,IVC
6,1950,0.5,3. Large,ALL,IVC
6,1950,0.6,4. Mature,ALL,IVC
6,1950,0.6,5. Ripe,ALL,IVC
6,1950,0.0,6. Insect,ALL,IVC
6,1950,0.1,7. Forced,ALL,IVC
6,1950,0.1,8. Damaged,ALL,IVC
6,1950,0.0,9. Black,ALL,IVC
6,1950,13.6,TOTAL,ALL,IVC
7,1950,2.1,1. Tiny,ALL,IVC
7,1950,1.6,2.1 Small-1,ALL,IVC
7,1950,10.9,2.2 Small-2,ALL,IVC
7,1950,12.5,2. Small,ALL,IVC
7,1950,1.1,3. Large,ALL,IVC
7,1950,0.9,4. Mature,ALL,IVC
7,1950,0.4,5. Ripe,ALL,IVC
7,1950,,6. Insect,ALL,IVC
7,1950,,7. Forced,ALL,IVC
7,1950,,8. Damaged,ALL,IVC
7,1950,,9. Black,ALL,IVC
7,1950,17.0,TOTAL,ALL,IVC
8,1950,2.1,1. Tiny,ALL,IVC
8,1950,2.0,2.1 Small-1,ALL,IVC
8,1950,10.2,2.2 Small-2,ALL,IVC
8,1950,12.2,2. Small,ALL,IVC
8,1950,2.0,3. Large,ALL,IVC
8,1950,1.7,4. Mature,ALL,IVC
8,1950,0.5,5. Ripe,ALL,IVC
8,1950,0.0,6. Insect,ALL,IVC
8,1950,0.1,7. Forced,ALL,IVC
8,1950,0.1,8. Damaged,ALL,IVC
8,1950,0.0,9. Black,ALL,IVC
8,1950,18.6,TOTAL,ALL,IVC
9,1950,1.1,1. Tiny,ALL,IVC
9,1950,1.1,2.1 Small-1,ALL,IVC
9,1950,8.9,2.2 Small-2,ALL,IVC
9,1950,10.0,2. Small,ALL,IVC
9,1950,2.3,3. Large,ALL,IVC
9,1950,2.5,4. Mature,ALL,IVC
9,1950,1.0,5. Ripe,ALL,IVC
9,1950,0.0,6. Insect,ALL,IVC
9,1950,0.2,7. Forced,ALL,IVC
9,1950,0.2,8. Damaged,ALL,IVC
9,1950,0.0,9. Black,ALL,IVC
9,1950,16.9,TOTAL,ALL,IVC
10,1950,1.2,1. Tiny,ALL,IVC
10,1950,1.0,2.1 Small-1,ALL,IVC
10,1950,6.1,2.2 Small-2,ALL,IVC
10,1950,7.1,2. Small,ALL,IVC
10,1950,2.0,3. Large,ALL,IVC
10,1950,2.6,4. Mature,ALL,IVC
10,1950,1.4,5. Ripe,ALL,IVC
10,1950,0.0,6. Insect,ALL,IVC
10,1950,0.2,7. Forced,ALL,IVC
10,1950,0.2,8. Damaged,ALL,IVC
10,1950,0.0,9. Black,ALL,IVC
10,1950,14.5,TOTAL,ALL,IVC
11,1950,1.4,1. Tiny,ALL,IVC
11,1950,1.1,2.1 Small-1,ALL,IVC
11,1950,4.6,2.2 Small-2,ALL,IVC
11,1950,5.7,2. Small,ALL,IVC
11,1950,1.4,3. Large,ALL,IVC
11,1950,2.1,4. Mature,ALL,IVC
11,1950,1.4,5. Ripe,ALL,IVC
11,1950,0.0,6. Insect,ALL,IVC
11,1950,0.1,7. Forced,ALL,IVC
11,1950,0.1,8. Damaged,ALL,IVC
11,1950,0.0,9. Black,ALL,IVC
11,1950,12.1,TOTAL,ALL,IVC
12,1950,1.5,1. Tiny,ALL,IVC
12,1950,1.2,2.1 Small-1,ALL,IVC
12,1950,4.9,2.2 Small-2,ALL,IVC
12,1950,6.1,2. Small,ALL,IVC
12,1950,0.9,3. Large,ALL,IVC
12,1950,1.3,4. Mature,ALL,IVC
12,1950,1.3,5. Ripe,ALL,IVC
12,1950,0.0,6. Insect,ALL,IVC
12,1950,0.1,7. Forced,ALL,IVC
12,1950,0.1,8. Damaged,ALL,IVC
12,1950,0.0,9. Black,ALL,IVC
12,1950,11.2,TOTAL,ALL,IVC
4,2022,8.0,TOTAL,ALL,IVC
5,2022,14.0,TOTAL,ALL,IVC
6,2022,17.65,TOTAL,ALL,IVC
7,2022,20.2,TOTAL,ALL,IVC
8,2022,21.5,TOTAL,ALL,IVC
9,2022,19.0,TOTAL,ALL,IVC
10,2022,14.5,TOTAL,ALL,IVC
11,2022,2.0,1. Tiny,ALL,IVC
11,2022,0.9,2.1 Small-1,ALL,IVC
11,2022,4.8,2.2 Small-2,ALL,IVC
11,2022,5.7,2. Small,ALL,IVC
11,2022,1.2,3. Large,ALL,IVC
11,2022,1.5,4. Mature,ALL,IVC
11,2022,1.5,5. Ripe,ALL,IVC
11,2022,0.0,6. Insect,ALL,IVC
11,2022,0.2,7. Forced,ALL,IVC
11,2022,0.2,8. Damaged,ALL,IVC
11,2022,0.0,9. Black,ALL,IVC
11,2022,12.0,TOTAL,ALL,IVC
12,2022,1.6,1. Tiny,ALL,IVC
12,2022,1.5,2.1 Small-1,ALL,IVC
12,2022,5.1,2.2 Small-2,ALL,IVC
12,2022,6.6,2. Small,ALL,IVC
12,2022,0.6,3. Large,ALL,IVC
12,2022,0.8,4. Mature,ALL,IVC
12,2022,1.1,5. Ripe,ALL,IVC
12,2022,0.0,6. Insect,ALL,IVC
12,2022,0.1,7. Forced,ALL,IVC
12,2022,0.1,8. Damaged,ALL,IVC
12,2022,0.0,9. Black,ALL,IVC
12,2022,10.9,TOTAL,ALL,IVC
1,2023,1.2,1. Tiny,ALL,IVC
1,2023,1.1,2.1 Small-1,ALL,IVC
1,2023,6.5,2.2 Small-2,ALL,IVC
1,2023,7.6,2. Small,ALL,IVC
1,2023,0.6,3. Large,ALL,IVC
1,2023,0.6,4. Mature,ALL,IVC
1,2023,0.7,5. Ripe,ALL,IVC
1,2023,0.0,6. Insect,ALL,IVC
1,2023,0.1,7. Forced,ALL,IVC
1,2023,0.1,8. Damaged,ALL,IVC
1,2023,0.0,9. Black,ALL,IVC
1,2023,10.7,TOTAL,ALL,IVC
2,2023,0.8,1. Tiny,ALL,IVC
2,2023,0.9,2.1 Small-1,ALL,IVC
2,2023,5.9,2.2 Small-2,ALL,IVC
2,2023,6.8,2. Small,ALL,IVC
2,2023,0.9,3. Large,ALL,IVC
2,2023,0.9,4. Mature,ALL,IVC
2,2023,0.4,5. Ripe,ALL,IVC
2,2023,0.0,6. Insect,ALL,IVC
2,2023,0.1,7. Forced,ALL,IVC
2,2023,0.1,8. Damaged,ALL,IVC
2,2023,0.0,9. Black,ALL,IVC
2,2023,9.9,TOTAL,ALL,IVC
3,2023,1.6,1. Tiny,ALL,IVC
3,2023,1.0,2.1 Small-1,ALL,IVC
3,2023,4.9,2.2 Small-2,ALL,IVC
3,2023,6.0,2. Small,ALL,IVC
3,2023,1.1,3. Large,ALL,IVC
3,2023,1.0,4. Mature,ALL,IVC
3,2023,0.5,5. Ripe,ALL,IVC
3,2023,0.0,6. Insect,ALL,IVC
3,2023,0.1,7. Forced,ALL,IVC
3,2023,0.1,8. Damaged,ALL,IVC
3,2023,0.0,9. Black,ALL,IVC
3,2023,10.3,TOTAL,ALL,IVC
4,2023,1.5,1. Tiny,ALL,IVC
4,2023,1.1,2.1 Small-1,ALL,IVC
4,2023,5.0,2.2 Small-2,ALL,IVC
4,2023,6.1,2. Small,ALL,IVC
4,2023,0.8,3. Large,ALL,IVC
4,2023,0.8,4. Mature,ALL,IVC
4,2023,0.6,5. Ripe,ALL,IVC
4,2023,0.0,6. Insect,ALL,IVC
4,2023,0.1,7. Forced,ALL,IVC
4,2023,0.1,8. Damaged,ALL,IVC
4,2023,0.0,9. Black,ALL,IVC
4,2023,10.0,TOTAL,ALL,IVC
5,2023,2.6,1. Tiny,ALL,IVC
5,2023,1.8,2.1 Small-1,ALL,IVC
5,2023,4.9,2.2 Small-2,ALL,IVC
5,2023,6.6,2. Small,ALL,IVC
5,2023,0.5,3. Large,ALL,IVC
5,2023,0.5,4. Mature,ALL,IVC
5,2023,0.6,5. Ripe,ALL,IVC
5,2023,0.0,6. Insect,ALL,IVC
5,2023,0.1,7. Forced,ALL,IVC
5,2023,0.1,8. Damaged,ALL,IVC
5,2023,0.0,9. Black,ALL,IVC
5,2023,10.9,TOTAL,ALL,IVC
6,2023,2.1,1. Tiny,ALL,IVC
6,2023,1.7,2.1 Small-1,ALL,IVC
6,2023,5.9,2.2 Small-2,ALL,IVC
6,2023,7.6,2. Small,ALL,IVC
6,2023,0.6,3. Large,ALL,IVC
6,2023,0.4,4. Mature,ALL,IVC
6,2023,0.5,5. Ripe,ALL,IVC
6,2023,0.0,6. Insect,ALL,IVC
6,2023,0.1,7. Forced,ALL,IVC
6,2023,0.1,8. Damaged,ALL,IVC
6,2023,0.0,9. Black,ALL,IVC
6,2023,11.3,TOTAL,ALL,IVC
7,2023,2.4,1. Tiny,ALL,IVC
7,2023,1.8,2.1 Small-1,ALL,IVC
7,2023,7.3,2.2 Small-2,ALL,IVC
7,2023,9.1,2. Small,ALL,IVC
7,2023,0.9,3. Large,ALL,IVC
7,2023,0.5,4. Mature,ALL,IVC
7,2023,0.4,5. Ripe,ALL,IVC
7,2023,0.0,6. Insect,ALL,IVC
7,2023,0.1,7. Forced,ALL,IVC
7,2023,0.1,8. Damaged,ALL,IVC
7,2023,0.0,9. Black,ALL,IVC
7,2023,13.5,TOTAL,ALL,IVC
8,2023,2.3,1. Tiny,ALL,IVC
8,2023,1.7,2.1 Small-1,ALL,IVC
8,2023,7.6,2.2 Small-2,ALL,IVC
8,2023,9.3,2. Small,ALL,IVC
8,2023,1.2,3. Large,ALL,IVC
8,2023,0.9,4. Mature,ALL,IVC
8,2023,0.4,5. Ripe,ALL,IVC
8,2023,0.0,6. Insect,ALL,IVC
8,2023,0.1,7. Forced,ALL,IVC
8,2023,0.1,8. Damaged,ALL,IVC
8,2023,0.0,9. Black,ALL,IVC
8,2023,14.2,TOTAL,ALL,IVC
9,2023,2.1,1. Tiny,ALL,IVC
9,2023,1.3,2.1 Small-1,ALL,IVC
9,2023,7.3,2.2 Small-2,ALL,IVC
9,2023,8.6,2. Small,ALL,IVC
9,2023,1.4,3. Large,ALL,IVC
9,2023,1.4,4. Mature,ALL,IVC
9,2023,0.6,5. Ripe,ALL,IVC
9,2023,0.0,6. Insect,ALL,IVC
9,2023,0.2,7. Forced,ALL,IVC
9,2023,0.2,8. Damaged,ALL,IVC
9,2023,0.0,9. Black,ALL,IVC
9,2023,14.2,TOTAL,ALL,IVC
10,2023,1.2,1. Tiny,ALL,IVC
10,2023,1.0,2.1 Small-1,ALL,IVC
10,2023,6.6,2.2 Small-2,ALL,IVC
10,2023,7.6,2. Small,ALL,IVC
10,2023,1.3,3. Large,ALL,IVC
10,2023,1.6,4. Mature,ALL,IVC
10,2023,0.9,5. Ripe,ALL,IVC
10,2023,0.0,6. Insect,ALL,IVC
10,2023,0.1,7. Forced,ALL,IVC
10,2023,0.1,8. Damaged,ALL,IVC
10,2023,0.0,9. Black,ALL,IVC
10,2023,12.7,TOTAL,ALL,IVC
11,2023,1.5,1. Tiny,ALL,IVC
11,2023,0.8,2.1 Small-1,ALL,IVC
11,2023,5.0,2.2 Small-2,ALL,IVC
11,2023,5.8,2. Small,ALL,IVC
11,2023,1.1,3. Large,ALL,IVC
11,2023,1.3,4. Mature,ALL,IVC
11,2023,1.0,5. Ripe,ALL,IVC
11,2023,0.0,6. Insect,ALL,IVC
11,2023,0.2,7. Forced,ALL,IVC
11,2023,0.2,8. Damaged,ALL,IVC
11,2023,0.0,9. Black,ALL,IVC
11,2023,10.9,TOTAL,ALL,IVC
12,2023,1.7,1. Tiny,ALL,IVC
12,2023,1.0,2.1 Small-1,ALL,IVC
12,2023,4.8,2.2 Small-2,ALL,IVC
12,2023,5.8,2. Small,ALL,IVC
12,2023,0.9,3. Large,ALL,IVC
12,2023,1.1,4. Mature,ALL,IVC
12,2023,0.9,5. Ripe,ALL,IVC
12,2023,0.0,6. Insect,ALL,IVC
12,2023,0.2,7. Forced,ALL,IVC
12,2023,0.2,8. Damaged,ALL,IVC
12,2023,0.0,9. Black,ALL,IVC
12,2023,10.6,TOTAL,ALL,IVC
1,2024,1.2,1. Tiny,ALL,IVC
1,2024,1.3,2.1 Small-1,ALL,IVC
1,2024,6.5,2.2 Small-2,ALL,IVC
1,2024,7.9,2. Small,ALL,IVC
1,2024,0.8,3. Large,ALL,IVC
1,2024,0.8,4. Mature,ALL,IVC
1,2024,0.7,5. Ripe,ALL,IVC
1,2024,0.0,6. Insect,ALL,IVC
1,2024,0.1,7. Forced,ALL,IVC
1,2024,0.1,8. Damaged,ALL,IVC
1,2024,0.0,9. Black,ALL,IVC
1,2024,11.5,TOTAL,ALL,IVC
2,2024,1.2,1. Tiny,ALL,IVC
2,2024,0.8,2.1 Small-1,ALL,IVC
2,2024,5.7,2.2 Small-2,ALL,IVC
2,2024,6.6,2. Small,ALL,IVC
2,2024,0.7,3. Large,ALL,IVC
2,2024,0.7,4. Mature,ALL,IVC
2,2024,0.4,5. Ripe,ALL,IVC
2,2024,0.0,6. Insect,ALL,IVC
2,2024,0.1,7. Forced,ALL,IVC
2,2024,0.1,8. Damaged,ALL,IVC
2,2024,0.0,9. Black,ALL,IVC
2,2024,9.7,TOTAL,ALL,IVC
3,2024,0.8,1. Tiny,ALL,IVC
3,2024,1.0,2.1 Small-1,ALL,IVC
3,2024,6.0,2.2 Small-2,ALL,IVC
3,2024,6.9,2. Small,ALL,IVC
3,2024,1.0,3. Large,ALL,IVC
3,2024,0.9,4. Mature,ALL,IVC
3,2024,0.4,5. Ripe,ALL,IVC
3,2024,0.0,6. Insect,ALL,IVC
3,2024,0.1,7. Forced,ALL,IVC
3,2024,0.1,8. Damaged,ALL,IVC
3,2024,0.0,9. Black,ALL,IVC
3,2024,10.1,TOTAL,ALL,IVC
4,2024,3.4,1. Tiny,ALL,IVC
4,2024,1.3,2.1 Small-1,ALL,IVC
4,2024,4.2,2.2 Small-2,ALL,IVC
4,2024,5.5,2. Small,ALL,IVC
4,2024,0.9,3. Large,ALL,IVC
4,2024,0.7,4. Mature,ALL,IVC
4,2024,0.4,5. Ripe,ALL,IVC
4,2024,0.0,6. Insect,ALL,IVC
4,2024,0.1,7. Forced,ALL,IVC
4,2024,0.1,8. Damaged,ALL,IVC
4,2024,0.0,9. Black,ALL,IVC
4,2024,11.0,TOTAL,ALL,IVC
5,2024,3.9,1. Tiny,ALL,IVC
5,2024,2.8,2.1 Small-1,ALL,IVC
5,2024,7.6,2.2 Small-2,ALL,IVC
5,2024,10.3,2. Small,ALL,IVC
5,2024,0.5,3. Large,ALL,IVC
5,2024,0.5,4. Mature,ALL,IVC
5,2024,0.6,5. Ripe,ALL,IVC
5,2024,0.0,6. Insect,ALL,IVC
5,2024,0.1,7. Forced,ALL,IVC
5,2024,0.1,8. Damaged,ALL,IVC
5,2024,0.0,9. Black,ALL,IVC
5,2024,16.0,TOTAL,ALL,IVC
6,2024,2.9,1. Tiny,ALL,IVC
6,2024,2.1,2.1 Small-1,ALL,IVC
6,2024,11.0,2.2 Small-2,ALL,IVC
6,2024,13.1,2. Small,ALL,IVC
6,2024,0.6,3. Large,ALL,IVC
6,2024,0.4,4. Mature,ALL,IVC
6,2024,0.4,5. Ripe,ALL,IVC
6,2024,0.0,6. Insect,ALL,IVC
6,2024,0.1,7. Forced,ALL,IVC
6,2024,0.1,8. Damaged,ALL,IVC
6,2024,0.0,9. Black,ALL,IVC
6,2024,17.6,TOTAL,ALL,IVC
7,2024,2.1,1. Tiny,ALL,IVC
7,2024,1.6,2.1 Small-1,ALL,IVC
7,2024,11.7,2.2 Small-2,ALL,IVC
7,2024,13.3,2. Small,ALL,IVC
7,2024,1.7,3. Large,ALL,IVC
7,2024,0.8,4. Mature,ALL,IVC
7,2024,0.3,5. Ripe,ALL,IVC
7,2024,0.0,6. Insect,ALL,IVC
7,2024,0.1,7. Forced,ALL,IVC
7,2024,0.1,8. Damaged,ALL,IVC
7,2024,0.0,9. Black,ALL,IVC
7,2024,18.1,TOTAL,ALL,IVC
8,2024,1.9,1. Tiny,ALL,IVC
8,2024,1.8,2.1 Small-1,ALL,IVC
8,2024,9.6,2.2 Small-2,ALL,IVC
8,2024,11.4,2. Small,ALL,IVC
8,2024,2.5,3. Large,ALL,IVC
8,2024,1.8,4. Mature,ALL,IVC
8,2024,0.6,5. Ripe,ALL,IVC
8,2024,0.0,6. Insect,ALL,IVC
8,2024,0.1,7. Forced,ALL,IVC
8,2024,0.2,8. Damaged,ALL,IVC
8,2024,0.0,9. Black,ALL,IVC
8,2024,18.3,TOTAL,ALL,IVC
9,2024,1.0,1. Tiny,ALL,IVC
9,2024,0.9,2.1 Small-1,ALL,IVC
9,2024,7.8,2.2 Small-2,ALL,IVC
9,2024,8.7,2. Small,ALL,IVC
9,2024,2.2,3. Large,ALL,IVC
9,2024,2.1,4. Mature,ALL,IVC
9,2024,1.3,5. Ripe,ALL,IVC
9,2024,0.0,6. Insect,ALL,IVC
9,2024,0.2,7. Forced,ALL,IVC
9,2024,0.2,8. Damaged,ALL,IVC
9,2024,0.0,9. Black,ALL,IVC
9,2024,15.5,TOTAL,ALL,IVC
10,2024,0.9,1. Tiny,ALL,IVC
10,2024,0.7,2.1 Small-1,ALL,IVC
10,2024,5.7,2.2 Small-2,ALL,IVC
10,2024,6.4,2. Small,ALL,IVC
10,2024,1.6,3. Large,ALL,IVC
10,2024,1.9,4. Mature,ALL,IVC
10,2024,1.1,5. Ripe,ALL,IVC
10,2024,0.0,6. Insect,ALL,IVC
10,2024,0.1,7. Forced,ALL,IVC
10,2024,0.1,8. Damaged,ALL,IVC
10,2024,0.0,9. Black,ALL,IVC
10,2024,12.0,TOTAL,ALL,IVC
11,2024,1.0,1. Tiny,ALL,IVC
11,2024,0.6,2.1 Small-1,ALL,IVC
11,2024,3.4,2.2 Small-2,ALL,IVC
11,2024,4.0,2. Small,ALL,IVC
11,2024,1.0,3. Large,ALL,IVC
11,2024,1.5,4. Mature,ALL,IVC
11,2024,1.1,5. Ripe,ALL,IVC
11,2024,0.0,6. Insect,ALL,IVC
11,2024,0.1,7. Forced,ALL,IVC
11,2024,0.1,8. Damaged,ALL,IVC
11,2024,0.0,9. Black,ALL,IVC
11,2024,8.8,TOTAL,ALL,IVC
12,2024,1.0,1. Tiny,ALL,IVC
12,2024,0.8,2.1 Small-1,ALL,IVC
12,2024,3.6,2.2 Small-2,ALL,IVC
12,2024,4.4,2. Small,ALL,IVC
12,2024,0.5,3. Large,ALL,IVC
12,2024,0.7,4. Mature,ALL,IVC
12,2024,0.9,5. Ripe,ALL,IVC
12,2024,0.0,6. Insect,ALL,IVC
12,2024,0.1,7. Forced,ALL,IVC
12,2024,0.1,8. Damaged,ALL,IVC
12,2024,0.0,9. Black,ALL,IVC
12,2024,7.7,TOTAL,ALL,IVC
1,2025,1.0,1. Tiny,ALL,IVC
1,2025,0.8,2.1 Small-1,ALL,IVC
1,2025,4.5,2.2 Small-2,ALL,IVC
1,2025,5.4,2. Small,ALL,IVC
1,2025,0.4,3. Large,ALL,IVC
1,2025,0.5,4. Mature,ALL,IVC
1,2025,0.5,5. Ripe,ALL,IVC
1,2025,0.0,6. Insect,ALL,IVC
1,2025,0.1,7. Forced,ALL,IVC
1,2025,0.1,8. Damaged,ALL,IVC
1,2025,0.0,9. Black,ALL,IVC
1,2025,7.7,TOTAL,ALL,IVC
2,2025,1.0,1. Tiny,ALL,IVC
2,2025,0.8,2.1 Small-1,ALL,IVC
2,2025,5.0,2.2 Small-2,ALL,IVC
2,2025,5.8,2. Small,ALL,IVC
2,2025,0.3,3. Large,ALL,IVC
2,2025,0.5,4. Mature,ALL,IVC
2,2025,0.2,5. Ripe,ALL,IVC
2,2025,0.0,6. Insect,ALL,IVC
2,2025,0.0,7. Forced,ALL,IVC
2,2025,0.0,8. Damaged,ALL,IVC
2,2025,0.0,9. Black,ALL,IVC
2,2025,7.8,TOTAL,ALL,IVC
3,2025,1.4,1. Tiny,ALL,IVC
3,2025,1.1,2.1 Small-1,ALL,IVC
3,2025,5.1,2.2 Small-2,ALL,IVC
3,2025,6.2,2. Small,ALL,IVC
3,2025,0.6,3. Large,ALL,IVC
3,2025,0.5,4. Mature,ALL,IVC
3,2025,0.2,5. Ripe,ALL,IVC
3,2025,0.0,6. Insect,ALL,IVC
3,2025,0.0,7. Forced,ALL,IVC
3,2025,0.1,8. Damaged,ALL,IVC
3,2025,0.0,9. Black,ALL,IVC
3,2025,9.0,TOTAL,ALL,IVC
4,2025,1.7,1. Tiny,ALL,IVC
4,2025,0.8,2.1 Small-1,ALL,IVC
4,2025,5.2,2.2 Small-2,ALL,IVC
4,2025,6.0,2. Small,ALL,IVC
4,2025,0.6,3. Large,ALL,IVC
4,2025,0.4,4. Mature,ALL,IVC
4,2025,0.3,5. Ripe,ALL,IVC
4,2025,0.0,6. Insect,ALL,IVC
4,2025,0.1,7. Forced,ALL,IVC
4,2025,0.1,8. Damaged,ALL,IVC
4,2025,0.0,9. Black,ALL,IVC
4,2025,9.0,TOTAL,ALL,IVC
5,2025,2.2,1. Tiny,ALL,IVC
5,2025,1.2,2.1 Small-1,ALL,IVC
5,2025,5.8,2.2 Small-2,ALL,IVC
5,2025,7.0,2. Small,ALL,IVC
5,2025,0.5,3. Large,ALL,IVC
5,2025,0.5,4. Mature,ALL,IVC
5,2025,0.4,5. Ripe,ALL,IVC
5,2025,0.0,6. Insect,ALL,IVC
5,2025,0.1,7. Forced,ALL,IVC
5,2025,0.1,8. Damaged,ALL,IVC
5,2025,0.0,9. Black,ALL,IVC
5,2025,10.6,TOTAL,ALL,IVC
6,2025,3.5,1. Tiny,ALL,IVC
6,2025,3.3,2.1 Small-1,ALL,IVC
6,2025,7.9,2.2 Small-2,ALL,IVC
6,2025,11.1,2. Small,ALL,IVC
6,2025,0.5,3. Large,ALL,IVC
6,2025,0.4,4. Mature,ALL,IVC
6,2025,0.3,5. Ripe,ALL,IVC
6,2025,0.0,6. Insect,ALL,IVC
6,2025,0.1,7. Forced,ALL,IVC
6,2025,0.1,8. Damaged,ALL,IVC
6,2025,0.0,9. Black,ALL,IVC
6,2025,15.9,TOTAL,ALL,IVC
7,2025,2.2,1. Tiny,ALL,IVC
7,2025,1.7,2.1 Small-1,ALL,IVC
7,2025,12.5,2.2 Small-2,ALL,IVC
7,2025,14.2,2. Small,ALL,IVC
7,2025,1.1,3. Large,ALL,IVC
7,2025,0.5,4. Mature,ALL,IVC
7,2025,0.5,5. Ripe,ALL,IVC
7,2025,0.1,6. Insect,ALL,IVC
7,2025,0.1,7. Forced,ALL,IVC
7,2025,0.2,8. Damaged,ALL,IVC
7,2025,0.0,9. Black,ALL,IVC
7,2025,18.7,TOTAL,ALL,IVC
8,2025,1.9,1. Tiny,ALL,IVC
8,2025,1.8,2.1 Small-1,ALL,IVC
8,2025,11.4,2.2 Small-2,ALL,IVC
8,2025,13.3,2. Small,ALL,IVC
8,2025,1.6,3. Large,ALL,IVC
8,2025,0.8,4. Mature,ALL,IVC
8,2025,0.3,5. Ripe,ALL,IVC
8,2025,0.0,6. Insect,ALL,IVC
8,2025,0.1,7. Forced,ALL,IVC
8,2025,0.1,8. Damaged,ALL,IVC
8,2025,0.0,9. Black,ALL,IVC
8,2025,18.0,TOTAL,ALL,IVC
9,2025,0.7,1. Tiny,ALL,IVC
9,2025,0.8,2.1 Small-1,ALL,IVC
9,2025,9.2,2.2 Small-2,ALL,IVC
9,2025,10.0,2. Small,ALL,IVC
9,2025,2.6,3. Large,ALL,IVC
9,2025,1.7,4. Mature,ALL,IVC
9,2025,0.6,5. Ripe,ALL,IVC
9,2025,0.0,6. Insect,ALL,IVC
9,2025,0.1,7. Forced,ALL,IVC
9,2025,0.1,8. Damaged,ALL,IVC
9,2025,0.0,9. Black,ALL,IVC
9,2025,15.8,TOTAL,ALL,IVC
10,2025,0.7,1. Tiny,ALL,IVC
10,2025,0.6,2.1 Small-1,ALL,IVC
10,2025,5.8,2.2 Small-2,ALL,IVC
10,2025,6.4,2. Small,ALL,IVC
10,2025,1.8,3. Large,ALL,IVC
10,2025,1.8,4. Mature,ALL,IVC
10,2025,1.2,5. Ripe,ALL,IVC
10,2025,0.0,6. Insect,ALL,IVC
10,2025,0.3,7. Forced,ALL,IVC
10,2025,0.3,8. Damaged,ALL,IVC
10,2025,0.0,9. Black,ALL,IVC
10,2025,12.1,TOTAL,ALL,IVC
11,2025,1.1,1. Tiny,ALL,IVC
11,2025,0.5,2.1 Small-1,ALL,IVC
11,2025,3.5,2.2 Small-2,ALL,IVC
11,2025,4.0,2. Small,ALL,IVC
11,2025,0.9,3. Large,ALL,IVC
11,2025,1.1,4. Mature,ALL,IVC
11,2025,1.0,5. Ripe,ALL,IVC
11,2025,0.0,6. Insect,ALL,IVC
11,2025,0.2,7. Forced,ALL,IVC
11,2025,0.2,8. Damaged,ALL,IVC
11,2025,0.0,9. Black,ALL,IVC
11,2025,8.3,TOTAL,ALL,IVC
12,2025,0.9,1. Tiny,ALL,IVC
12,2025,0.9,2.1 Small-1,ALL,IVC
12,2025,3.5,2.2 Small-2,ALL,IVC
12,2025,4.4,2. Small,ALL,IVC
12,2025,0.4,3. Large,ALL,IVC
12,2025,0.5,4. Mature,ALL,IVC
12,2025,0.8,5. Ripe,ALL,IVC
12,2025,0.0,6. Insect,ALL,IVC
12,2025,0.2,7. Forced,ALL,IVC
12,2025,0.2,8. Damaged,ALL,IVC
12,2025,0.0,9. Black,ALL,IVC
12,2025,7.1,TOTAL,ALL,IVC
1,2026,1.5,1. Tiny,ALL,IVC
1,2026,1.5,2.1 Small-1,ALL,IVC
1,2026,4.2,2.2 Small-2,ALL,IVC
1,2026,5.6,2. Small,ALL,IVC
1,2026,0.3,3. Large,ALL,IVC
1,2026,0.3,4. Mature,ALL,IVC
1,2026,0.4,5. Ripe,ALL,IVC
1,2026,,6. Insect,ALL,IVC
1,2026,,7. Forced,ALL,IVC
1,2026,,8. Damaged,ALL,IVC
1,2026,,9. Black,ALL,IVC
1,2026,8.2,TOTAL,ALL,IVC
2,2026,0.9,1. Tiny,ALL,IVC
2,2026,1.0,2.1 Small-1,ALL,IVC
2,2026,5.4,2.2 Small-2,ALL,IVC
2,2026,6.5,2. Small,ALL,IVC
2,2026,0.6,3. Large,ALL,IVC
2,2026,0.4,4. Mature,ALL,IVC
2,2026,0.3,5. Ripe,ALL,IVC
2,2026,,6. Insect,ALL,IVC
2,2026,,7. Forced,ALL,IVC
2,2026,,8. Damaged,ALL,IVC
2,2026,,9. Black,ALL,IVC
2,2026,8.6,TOTAL,ALL,IVC
3,2026,0.8,1. Tiny,ALL,IVC
3,2026,0.8,2.1 Small-1,ALL,IVC
3,2026,5.8,2.2 Small-2,ALL,IVC
3,2026,6.6,2. Small,ALL,IVC
3,2026,0.8,3. Large,ALL,IVC
3,2026,0.6,4. Mature,ALL,IVC
3,2026,0.4,5. Ripe,ALL,IVC
3,2026,,6. Insect,ALL,IVC
3,2026,,7. Forced,ALL,IVC
3,2026,,8. Damaged,ALL,IVC
3,2026,,9. Black,ALL,IVC
3,2026,9.2,TOTAL,ALL,IVC
4,2026,0.6,1. Tiny,ALL,IVC
4,2026,0.7,2.1 Small-1,ALL,IVC
4,2026,4.4,2.2 Small-2,ALL,IVC
4,2026,5.1,2. Small,ALL,IVC
4,2026,0.8,3. Large,ALL,IVC
4,2026,0.6,4. Mature,ALL,IVC
4,2026,0.4,5. Ripe,ALL,IVC
4,2026,,6. Insect,ALL,IVC
4,2026,,7. Forced,ALL,IVC
4,2026,,8. Damaged,ALL,IVC
4,2026,,9. Black,ALL,IVC
4,2026,7.4,TOTAL,ALL,IVC
5,2026,2.0,1. Tiny,ALL,IVC
5,2026,0.7,2.1 Small-1,ALL,IVC
5,2026,4.4,2.2 Small-2,ALL,IVC
5,2026,5.1,2. Small,ALL,IVC
5,2026,0.6,3. Large,ALL,IVC
5,2026,0.4,4. Mature,ALL,IVC
5,2026,0.5,5. Ripe,ALL,IVC
5,2026,,6. Insect,ALL,IVC
5,2026,,7. Forced,ALL,IVC
5,2026,,8. Damaged,ALL,IVC
5,2026,,9. Black,ALL,IVC
5,2026,8.6,TOTAL,ALL,IVC
6,2026,1.5,1. Tiny,ALL,IVC
6,2026,1.5,2.1 Small-1,ALL,IVC
6,2026,5.2,2.2 Small-2,ALL,IVC
6,2026,6.7,2. Small,ALL,IVC
6,2026,0.3,3. Large,ALL,IVC
6,2026,0.2,4. Mature,ALL,IVC
6,2026,0.4,5. Ripe,ALL,IVC
6,2026,,6. Insect,ALL,IVC
6,2026,,7. Forced,ALL,IVC
6,2026,,8. Damaged,ALL,IVC
6,2026,,9. Black,ALL,IVC
6,2026,9.1,TOTAL,ALL,IVC
7,2026,2.7,1. Tiny,ALL,IVC
7,2026,2.2,2.1 Small-1,ALL,IVC
7,2026,6.4,2.2 Small-2,ALL,IVC
7,2026,8.6,2. Small,ALL,IVC
7,2026,0.3,3. Large,ALL,IVC
7,2026,0.2,4. Mature,ALL,IVC
7,2026,0.2,5. Ripe,ALL,IVC
7,2026,,6. Insect,ALL,IVC
7,2026,,7. Forced,ALL,IVC
7,2026,,8. Damaged,ALL,IVC
7,2026,,9. Black,ALL,IVC
7,2026,12.1,TOTAL,ALL,IVC
8,2026,1.9,1. Tiny,ALL,IVC
8,2026,2.6,2.1 Small-1,ALL,IVC
8,2026,9.0,2.2 Small-2,ALL,IVC
8,2026,11.6,2. Small,ALL,IVC
8,2026,0.9,3. Large,ALL,IVC
8,2026,0.4,4. Mature,ALL,IVC
8,2026,0.3,5. Ripe,ALL,IVC
8,2026,,6. Insect,ALL,IVC
8,2026,,7. Forced,ALL,IVC
8,2026,,8. Damaged,ALL,IVC
8,2026,,9. Black,ALL,IVC
8,2026,15.0,TOTAL,ALL,IVC
9,2026,1.0,1. Tiny,ALL,IVC
9,2026,0.9,2.1 Small-1,ALL,IVC
9,2026,8.8,2.2 Small-2,ALL,IVC
9,2026,9.7,2. Small,ALL,IVC
9,2026,1.4,3. Large,ALL,IVC
9,2026,0.9,4. Mature,ALL,IVC
9,2026,0.4,5. Ripe,ALL,IVC
9,2026,,6. Insect,ALL,IVC
9,2026,,7. Forced,ALL,IVC
9,2026,,8. Damaged,ALL,IVC
9,2026,,9. Black,ALL,IVC
9,2026,13.4,TOTAL,ALL,IVC
10,2026,5.0,1. Tiny,ALL,IVC
10,2026,5.0,2.1 Small-1,ALL,IVC
10,2026,5.0,2.2 Small-2,ALL,IVC
