week,eikon_raw_2526,eikon_adj_2526,etg_2425,etg_2526
1,12.106753170156296,1.079171032716265,16.2,1.0
2,81.02211736950751,52.66354639655373,93.0,49.5
3,86.60984960188733,90.65036674816626,83.0,91.0
4,85.6785608964907,88.49202468273373,87.6,91.12
5,74.50309643173104,97.12539294446384,80.0,97.8
6,83.81598348569742,115.47130050064035,87.0,117.3
7,87.54113830728399,113.31295843520783,86.0,115.0
8,87.54113830728399,110.07544533705904,90.6,110.7
9,85.6785608964907,107.9171032716265,90.0,109.0
10,79.15953995871423,91.72953778088252,80.0,95.0
11,69.84665290474786,98.20456397718011,71.1,103.5
12,71.70923031554113,79.85865642100362,75.0,84.0
13,76.36567384252432,64.7502619629759,79.4,67.5
14,51.220878796815086,46.40435440679939,55.0,51.0
15,44.70185785903862,58.27523576667831,48.3,61.0
16,31.663815983485698,39.92932821050181,34.4,42.0
17,48.42701268062518,41.00849924321807,49.8,43.0
18,43.77056915364199,35.612644079636745,46.551,38.0
19,29.801238572692416,32.37513098148795,32.0,34.0
20,25.144795045709227,28.05844685062289,26.3,29.2
21,17.694485402536124,19.42507858889277,18.3,21.0
22,16.763196697139485,30.216788916055418,18.3,32.0
23,13.038041875552931,16.187565490743975,13.9,17.0
24,13.038041875552931,21.583420654325298,13.9,22.0
25,12.106753170156296,21.583420654325298,12.7,23.0
26,13.038041875552931,33.45430201420422,13.5,36.0
27,1.3969330580949568,23.74176271975783,1.85,25.4
28,13.969330580949574,18.345907556176506,14.9,18.8
29,21.419640224122674,21.583420654325298,22.2,23.0
30,23.282217634915952,30.216788916055418,25.1,32.0
31,28.869949867295777,25.900104785190358,29.825,27.0
32,21.419640224122674,38.85015717778554,23.5,40.0
33,20.48835151872604,35.612644079636745,22.3,37.0
34,18.62577410793276,36.69181511235301,19.6,37.6
35,20.48835151872604,23.74176271975783,22.0,23.9
36,16.763196697139485,29.137617883339153,18.3,37.0
37,15.831907991742849,34.53347304692048,16.99,35.9
38,17.694485402536124,29.0,18.345,33.5
39,16.763196697139485,27.0,17.975,29.5
40,15.0,24.0,14.1,26.3
41,12.0,22.0,13.0,25.3
42,13.0,13.0,13.0,17.0
43,13.0,12.0,13.7,14.0
44,12.0,7.0,12.0,8.3
45,11.0,4.0,10.5,4.3
46,10.0,4.0,10.0,5.0
47,9.0,3.0,9.0,4.0
48,7.0,2.5,7.0,3.0
49,7.0,4.5,7.0,4.7
50,5.0,16.0,5.0,16.2
51,,,1.0,16.5
